Corps,Home Location,Latitude,Longitude,Class,Show Number,Date,Location,Performance Slot,General Effect 1,General Effect 2,General Effect Total,Visual Proficiency,Visual Analysis,Color Guard,Visual Total,Music Brass,Music Analysis,Music Percussion,Music Total,Sub Total,Penalty,Total Score,Competition Latitude,Competition Longitude,Days from Season Start,Letters in Name,Latest Score,Last Performance Date,Average Geodesic Distance,Total Geodesic Distance,Geodesic Distance Per Day,Number of Shows,Average Rest,Average Score Improvement,Average of Last 3 Scores,Average Normal General Effect,Average Normal Visual,Average Normal Music,Average Normal Brass,Average Normal Percussion,Best Caption,Best Music,RMSE,D+1,D+1 U,D+1 L,D+2,D+2 U,D+2 L,D+3,D+3 U,D+3 L,D+4,D+4 U,D+4 L,D+5,D+5 U,D+5 L,D+6,D+6 U,D+6 L,D+7,D+7 U,D+7 L,Rank of Last 3 Scores,Rank of Last Score,Rank of Last 3 Scores No All-Age,Rank of Last Score No All-Age,Ordinal Rank of Last 3 Scores,Ordinal Rank of Last Score,Ordinal Rank of Last 3 Scores No All-Age,Ordinal Rank of Last Score No All-Age,Projected Championship Round,Participate Place,1 Place,2 Place,3 Place,4 Place,5 Place,6 Place,7 Place,8 Place,9 Place,Placement Rank
Bluecoats,"Canton, OH",40.7985464,-81.3749508,DCI World Class,43.0,2024-07-19,"Prairie View, Texas",5.0,18.4,18.7,37.1,18.3,18.6,17.9,27.4,18.6,18.2,18.4,27.6,92.1,0.0,92.1,30.0857916,-95.9907058,23.0,9,92.1,2024-07-19,250.10871489863288,1750.7610042904303,218.84512553630378,8.0,2.4285714285714284,0.9815476190476183,90.58333333333333,0.9133333333333333,0.8966666666666665,0.905,0.9166666666666667,0.8983333333333332,General Effect,Brass,0.4040013978623588,93.18882903981265,94.30786554437739,92.0697925352479,93.93281030444965,96.22430681050326,91.64131379839604,94.67679156908666,98.19417157355326,91.15941156462004,95.42077283372366,100.0,90.62408583391992,96.16475409836066,100.0,90.03533660629569,96.90873536299766,100.0,89.3931638817473,97.65271662763466,100.0,88.69756766027481,1.0,1.0,1.0,1.0,1st,1st,1st,1st,Finals,0,8,0,0,0,0,0,0,0,0,2.0
Blue Devils,"Concord, CA",37.9768525,-122.0335624,DCI World Class,43.0,2024-07-19,"Prairie View, Texas",7.0,18.2,18.4,36.6,18.0,18.3,18.3,27.3,18.2,18.0,18.3,27.25,91.15,0.0,91.15,30.0857916,-95.9907058,23.0,10,91.15,2024-07-19,278.40735299679943,2505.666176971195,250.5666176971195,10.0,2.3333333333333335,0.6492592592592601,88.31666666666668,0.885,0.8855555555555555,0.8783333333333333,0.8833333333333334,0.8766666666666666,Visual,Brass,0.4401639840813179,91.64957274086736,92.47408424296401,90.8250612387707,92.32545396282848,94.01763398616797,90.633273939489,93.0013351847896,95.60434074851806,90.39832962106114,93.67721640675072,97.23420453001432,90.12022828348712,94.35309762871184,98.90722533065674,89.79896992676694,95.02897885067296,100.0,89.4345545509006,95.70486007263408,100.0,89.0269821558881,2.0,2.0,2.0,2.0,2nd,2nd,2nd,2nd,Finals,0,8,2,0,0,0,0,0,0,0,1.0
Carolina Crown,"Fort Mill, SC",35.0073697,-80.9450759,DCI World Class,43.0,2024-07-19,"Prairie View, Texas",6.0,17.9,18.1,36.0,17.6,17.9,18.0,26.75,18.3,18.1,17.7,27.05,89.8,0.0,89.8,30.0857916,-95.9907058,23.0,13,89.8,2024-07-19,262.2345139039288,1835.6415973275016,229.4551996659377,8.0,3.0,0.819880952380952,88.175,0.8816666666666666,0.8772222222222222,0.886388888888889,0.8950000000000001,0.8724999999999999,Music,Brass,0.6980564432179969,90.58057788944721,91.9469044269815,89.21425135191292,91.23451005025123,94.03477101624347,88.434249084259,91.88844221105525,96.1902454964291,87.5866389256814,92.54237437185927,98.41332786753838,86.67142087618015,93.19630653266329,100.0,85.68859493575525,93.8502386934673,100.0,84.63816110440668,94.50417085427132,100.0,83.52011938213445,3.0,3.0,3.0,3.0,3rd,3rd,3rd,3rd,Finals,1,3,1,3,1,0,0,0,0,0,10.0
Boston Crusaders,"Boston, MA",42.3554334,-71.060511,DCI World Class,40.0,2024-07-18,"Denton, Texas",6.0,17.8,18.3,36.1,17.5,17.3,18.1,26.45,17.9,17.8,18.5,27.1,89.65,0.0,89.65,33.1838787,-97.1413417,22.0,15,89.65,2024-07-18,242.01873535601004,1936.1498828480803,215.1277647608978,9.0,2.75,0.7089285714285718,88.01666666666667,0.8816666666666665,0.8772222222222222,0.8811111111111113,0.8833333333333332,0.8983333333333332,General Effect,Percussion,0.7601381217301014,92.65705368289633,94.00842582180994,91.30568154398274,93.42025593008735,96.19333137983018,90.64718048034452,94.18345817727837,98.44856810976607,89.91834824479065,94.94666042446937,100.0,89.11918483732114,95.70986267166039,100.0,88.249690257936,96.47306491885139,100.0,87.30986450663522,97.23626716604241,100.0,86.29970758341881,4.0,4.0,4.0,4.0,4th,4th,4th,4th,Finals,0,4,5,0,0,0,0,0,0,0,7.0
Phantom Regiment,"Rockford, IL",42.2713945,-89.093966,DCI World Class,40.0,2024-07-18,"Denton, Texas",5.0,17.4,17.7,35.1,17.1,17.4,17.0,25.75,17.3,16.8,17.4,25.75,86.6,0.0,86.6,33.1838787,-97.1413417,22.0,15,86.6,2024-07-18,199.64394034384262,2395.7272841261115,184.28671416354703,13.0,1.8333333333333333,0.7569444444444442,85.5,0.8608333333333332,0.8527777777777777,0.8494444444444444,0.8516666666666666,0.8533333333333333,General Effect,Percussion,0.8207312037786216,89.81016764781164,91.1479427392832,88.47239255634008,90.561479395956,93.30695904205602,87.81599974985596,91.31279114410034,95.53590480798577,87.08967748021493,92.0641028922447,97.83478003707245,86.29342574741696,92.81541464038906,100.0,85.4272445514621,93.56672638853343,100.0,84.4911338923503,94.31803813667779,100.0,83.48509377008159,5.0,5.0,5.0,5.0,5th,5th,5th,5th,Finals,3,4,4,2,2,1,0,0,0,0,8.0
Mandarins,"Sacramento, CA",38.5810606,-121.493895,DCI World Class,43.0,2024-07-19,"Prairie View, Texas",4.0,17.5,17.7,35.2,17.1,17.1,17.1,25.65,17.2,17.5,16.4,25.55,86.4,0.0,86.4,30.0857916,-95.9907058,23.0,9,86.4,2024-07-19,268.4077335590776,2684.077335590776,244.00703050825234,11.0,2.1,0.6696666666666676,83.53333333333333,0.8433333333333334,0.8311111111111111,0.8288888888888888,0.8316666666666668,0.8133333333333335,General Effect,Brass,0.6837778820391982,87.31652182309764,88.58525142893987,86.04779221725542,88.00465430668203,90.60855496949249,85.40075364387158,88.69278679026642,92.69829996117113,84.68727361936173,89.38091927385082,94.85448640397576,83.90735214372589,90.0690517574352,97.07711429790639,83.06098921696403,90.7571842410196,99.36618364296304,82.14818483907618,91.445316724604,100.0,81.1689390100623,6.0,6.0,6.0,6.0,6th,6th,6th,6th,Finals,2,1,4,4,1,0,1,0,0,0,20.0
Reading Buccaneers,"Reading, PA",40.335345,-75.9279495,DCI All Age World Class,29.0,2024-07-13,"Clifton, New Jersey",3.0,17.5,17.3,34.8,16.4,17.5,17.2,25.55,16.7,17.4,16.9,25.5,85.85,0.0,85.85,40.8584328,-74.1637553,17.0,17,85.85,2024-07-13,64.77655470097135,64.77655470097135,32.38827735048567,2.0,14.0,0.6357142857142851,81.4,0.8225,0.7966666666666666,0.8200000000000001,0.8099999999999999,0.8099999999999999,General Effect,Neither,,,,,,,,,,,,,,,,,,,,,,,9.0,7.0,,,9th,7th,,,,0,2,0,0,0,0,0,0,0,0,14.0
Santa Clara Vanguard,"Santa Clara, CA",37.2333253,-121.6846349,DCI World Class,40.0,2024-07-18,"Denton, Texas",1.0,16.7,17.0,33.7,16.6,16.5,16.5,24.8,16.9,16.9,17.8,25.8,84.3,0.0,84.3,33.1838787,-97.1413417,22.0,18,84.3,2024-07-18,247.25292872939664,2225.27635856457,222.52763585645698,10.0,2.2222222222222223,0.6049999999999984,83.18333333333334,0.8324999999999999,0.821111111111111,0.8416666666666667,0.8333333333333334,0.8700000000000001,Music,Percussion,0.5214504504408536,86.51175099090698,87.5235930410013,85.49990894081265,87.14389134996503,89.22098775028698,85.06679494964308,87.77603170902309,90.971794759706,84.58026865834017,88.40817206808114,92.77601406925832,84.04033006690396,89.0403124271392,94.63364567894395,83.44697917533445,89.67245278619725,96.5446895887629,82.8002159836316,90.30459314525531,98.50914579871517,82.10004049179545,7.0,8.0,7.0,7.0,7th,8th,7th,7th,Finals,1,1,4,4,0,1,0,0,0,0,21.0
Bushwackers Drum Corps,"Princeton, NJ",40.3496953,-74.6597376,DCI All Age World Class,29.0,2024-07-13,"Clifton, New Jersey",1.0,17.1,17.0,34.1,16.0,17.1,17.1,25.1,15.7,16.8,17.1,24.8,84.0,0.0,84.0,40.8584328,-74.1637553,17.0,20,84.0,2024-07-13,64.77655470097135,64.77655470097135,32.38827735048567,2.0,14.0,0.6821428571428569,79.225,0.795,0.7808333333333334,0.8,0.775,0.8175000000000001,Music,Percussion,,,,,,,,,,,,,,,,,,,,,,,12.0,10.0,,,12th,10th,,,,0,0,2,0,0,0,0,0,0,0,32.0
The Cavaliers,"Rosemont, IL",41.9941334,-87.8756737,DCI World Class,43.0,2024-07-19,"Prairie View, Texas",3.0,16.8,16.9,33.7,16.5,16.9,16.5,24.95,16.6,17.0,17.1,25.35,84.0,0.0,84.0,30.0857916,-95.9907058,23.0,12,84.0,2024-07-19,181.90553160916835,1819.0553160916834,165.36866509924394,11.0,2.3,0.815666666666667,82.51666666666667,0.8225,0.8188888888888889,0.8350000000000001,0.825,0.8383333333333335,Music,Percussion,1.0026594120255456,84.94132220093073,86.54349757554311,83.33914682631834,85.57012044894606,88.85649099411968,82.28374990377242,86.19891869696139,91.25150420864512,81.14633318527765,86.82771694497671,93.72853721911937,79.92689667083404,87.45651519299204,96.28759002554251,78.62544036044156,88.08531344100737,98.9286626279145,77.24196425410022,88.7141116890227,100.0,75.77646835181004,8.0,10.0,8.0,8.0,8th,10th,8th,8th,Finals,4,2,2,3,2,1,0,1,0,0,13.0
Blue Stars,"La Crosse, WI",43.8122836,-91.2514355,DCI World Class,43.0,2024-07-19,"Prairie View, Texas",1.0,17.0,16.5,33.5,16.8,16.7,17.0,25.25,16.7,16.6,16.0,24.65,83.4,0.0,83.4,30.0857916,-95.9907058,23.0,9,83.4,2024-07-19,221.41206277778338,2214.1206277778338,201.28369343434852,11.0,2.3,0.9308333333333337,81.15,0.7991666666666667,0.8183333333333334,0.8211111111111112,0.8216666666666667,0.8333333333333334,Music,Percussion,0.8046293056032283,85.67248236048752,86.99891290259033,84.34605181838471,86.42939384220657,89.15349885773654,83.70528882667661,87.18630532392562,91.37932874420707,82.99328190364417,87.94321680564468,93.67640256200193,82.21003104928742,88.70012828736373,96.04472031112111,81.35553626360634,89.45703976908278,98.48428199156464,80.42979754660092,90.21395125080184,100.0,79.43281489827119,10.0,11.0,9.0,9.0,10th,11th,9th,9th,Finals,7,1,2,1,4,1,2,0,0,0,23.0
Cincinnati Tradition,"Cincinnati, OH",39.1014537,-84.5124602,DCI All Age Open Class,42.0,2024-07-19,"Bellbrook, Ohio",1.0,16.4,16.7,33.1,16.6,16.9,16.5,25.0,16.5,16.5,16.5,24.75,82.85,0.0,82.85,39.6358399,-84.0701766,23.0,19,82.85,2024-07-19,22.938793423357676,22.938793423357676,11.469396711678838,2.0,17.0,0.4647058823529407,78.9,0.7887500000000001,0.7916666666666666,0.7866666666666667,0.79,0.7849999999999999,Visual,Brass,,,,,,,,,,,,,,,,,,,,,,,13.0,12.0,,,13th,12th,,,,0,2,0,0,0,0,0,0,0,0,15.0
Colts,"Dubuque, IA",42.5006243,-90.6647985,DCI World Class,43.0,2024-07-19,"Prairie View, Texas",2.0,16.5,16.2,32.7,15.9,16.4,16.6,24.45,16.5,16.5,16.6,24.8,81.95,0.0,81.95,30.0857916,-95.9907058,23.0,5,81.95,2024-07-19,201.17126494616673,2414.0551793540008,185.69655225800005,13.0,1.9166666666666667,0.8149305555555562,80.61666666666666,0.8,0.8038888888888888,0.8166666666666667,0.8066666666666669,0.8333333333333334,Music,Percussion,1.218894089723985,85.03328363549615,86.93811297350865,83.12845429748364,85.76133110687019,89.67125176560238,81.85141044813801,86.48937857824424,92.50465254040324,80.47410461608524,87.21742604961828,95.43831529791127,78.9965368013253,87.94547352099232,98.47224003812646,77.4187070038582,88.67352099236638,100.0,75.74061522368396,89.40156846374042,100.0,73.96226146080255,11.0,14.0,10.0,10.0,11th,14th,10th,10th,Finals,6,0,4,3,1,3,1,1,0,0,29.0
Hawthorne Caballeros,"Hawthorne, NJ",40.9492649,-74.1537549,DCI All Age World Class,29.0,2024-07-13,"Clifton, New Jersey",4.0,16.4,16.6,33.0,15.7,16.6,16.0,24.15,16.0,16.9,16.7,24.8,81.95,0.0,81.95,40.8584328,-74.1637553,17.0,19,81.95,2024-07-13,64.77655470097135,64.77655470097135,32.38827735048567,2.0,14.0,0.5464285714285718,78.125,0.79125,0.7575000000000001,0.7916666666666666,0.7725,0.7849999999999999,Music,Percussion,,,,,,,,,,,,,,,,,,,,,,,15.0,14.0,,,15th,14th,,,,0,0,0,2,0,0,0,0,0,0,38.0
Madison Scouts,"Madison, WI",43.074761,-89.3837613,DCI World Class,41.0,2024-07-18,"Waco, Texas",5.0,16.3,15.4,31.7,15.8,16.6,16.2,24.3,16.3,16.1,15.1,23.75,79.75,0.0,79.75,31.5491899,-97.1474628,22.0,13,79.75,2024-07-18,204.8571556298277,1843.7144006684493,184.37144006684494,10.0,2.111111111111111,0.8490740740740756,76.95,0.7608333333333334,0.7811111111111111,0.7694444444444444,0.7866666666666667,0.745,Visual,Brass,0.9896550778598947,81.28639551192146,83.396623419374,79.17616760446892,81.92798036465638,86.25962480136603,77.59633592794673,82.5695652173913,89.23381480516264,75.90531562961996,83.21115007012622,92.31919343076382,74.10310670948861,83.85273492286115,95.51576067816958,72.1897091675527,84.49431977559607,98.82351654737992,70.16512300381221,85.13590462833099,100.0,68.02934821826715,18.0,15.0,14.0,11.0,18th,15th,14th,11th,Semis,7,0,1,2,3,2,1,1,0,0,33.0
Troopers,"Casper, WY",42.8501191,-106.325138,DCI World Class,37.0,2024-07-15,"Olathe, Kansas",2.0,15.6,15.7,31.3,16.3,15.5,15.3,23.55,16.4,15.9,16.2,24.25,79.1,0.0,79.1,38.8838856,-94.81887,19.0,8,79.1,2024-07-15,256.84232058670926,1797.8962441069648,224.7370305133706,8.0,1.4285714285714286,0.6678571428571425,78.41666666666667,0.7775,0.7699999999999999,0.8072222222222223,0.8166666666666667,0.8099999999999999,Music,Brass,0.7606950583320139,84.22634730538923,87.74429163794309,80.70840297283536,84.96646706586827,92.18218929346855,77.75074483826798,85.7065868263473,96.79992051148656,74.61325314120805,86.44670658682634,100.0,71.29592788165556,87.18682634730538,100.0,67.7987690596105,87.92694610778442,100.0,64.12177667507291,88.66706586826345,100.0,60.26495072804276,14.0,16.0,11.0,12.0,14th,16th,11th,12th,Finals,2,4,1,1,2,0,0,0,0,0,9.0
Blue Knights,"Denver, CO",39.7392364,-104.984862,DCI World Class,41.0,2024-07-18,"Waco, Texas",7.0,15.8,15.8,31.6,16.0,16.0,15.3,23.65,16.0,16.0,15.5,23.75,79.0,0.0,79.0,31.5491899,-97.1474628,22.0,11,79.0,2024-07-18,249.07842577113635,1992.6274061690908,221.40304512989897,9.0,1.625,0.9187500000000005,77.3,0.78,0.7722222222222223,0.7644444444444445,0.76,0.76,General Effect,Neither,1.050548004708671,80.1290460526316,83.64802471271385,76.61006739254935,80.68703947368422,87.89783562956906,73.4762433177994,81.24503289473687,92.3204853821446,70.16958040732911,81.8030263157895,96.91597397044049,66.6900786611385,82.36101973684212,100.0,63.03773807922753,82.91901315789477,100.0,59.21255866159623,83.4770065789474,100.0,55.214540408244595,17.0,17.0,13.0,13.0,17th,17th,13th,13th,Semis,2,1,3,3,0,2,0,0,0,0,22.0
Crossmen,"San Antonio, TX",29.4246002,-98.4951405,DCI World Class,40.0,2024-07-18,"Denton, Texas",4.0,15.7,16.0,31.7,16.0,15.8,15.2,23.5,15.5,15.1,15.1,22.85,78.05,0.0,78.05,33.1838787,-97.1413417,22.0,8,78.05,2024-07-18,251.22239606687162,1256.1119803343581,209.351996722393,6.0,2.0,0.46166666666666556,77.61666666666667,0.78,0.775,0.7722222222222223,0.7649999999999999,0.7899999999999999,General Effect,Percussion,0.4566709834188911,79.16774193548389,81.59706666047,76.73841721049777,79.45806451612904,84.43270851188427,74.48342052037383,79.74838709677421,87.38434490908155,72.11242928446687,80.03870967741936,90.45197585206182,69.6254435027769,80.32903225806453,93.63560134082509,67.02246317530397,80.61935483870968,96.93522137537138,64.303488302048,80.90967741935485,100.0,61.46851888300904,16.0,18.0,12.0,14.0,16th,18th,12th,14th,Finals,1,0,4,1,0,0,1,0,0,0,30.0
Hurricanes,"Seymour, CT",41.395317,-73.0724442,DCI All Age World Class,29.0,2024-07-13,"Clifton, New Jersey",2.0,16.0,15.5,31.5,15.3,15.7,16.1,23.55,14.1,15.7,15.6,22.7,77.75,0.0,77.75,40.8584328,-74.1637553,17.0,10,77.75,2024-07-13,64.77655470097135,64.77655470097135,32.38827735048567,2.0,14.0,0.6892857142857147,72.925,0.74,0.7241666666666667,0.7200000000000001,0.6775,0.7275,General Effect,Percussion,,,,,,,,,,,,,,,,,,,,,,,24.0,19.0,,,24th,19th,,,,2,0,0,0,2,0,0,0,0,0,43.0
Pacific Crest,"City of Industry, CA",34.0182252,-117.9593061,DCI World Class,40.0,2024-07-18,"Denton, Texas",3.0,15.6,16.2,31.8,15.3,14.8,15.1,22.6,15.8,15.4,14.9,23.05,77.45,0.0,77.45,33.1838787,-97.1413417,22.0,12,77.45,2024-07-18,213.55144356175768,2349.0658791793344,195.7554899316112,12.0,1.8181818181818181,0.6231818181818181,76.83333333333333,0.7783333333333334,0.7561111111111113,0.7672222222222221,0.7633333333333333,0.7766666666666666,General Effect,Percussion,0.8970257226594867,80.48640032284098,82.09693443612602,78.87586620955592,81.23010492332523,84.53398666187954,77.92622318477092,81.97380952380949,87.05385239961728,76.8937666480017,82.71751412429376,89.65653164933924,75.77849659924827,83.461218724778,92.3420244110454,74.58041303851063,84.20492332526227,95.11033068473577,73.29951596578877,84.94862792574654,97.96145047041037,71.9358053810827,19.0,20.0,15.0,15.0,19th,20th,15th,15th,Semis,9,0,2,1,6,0,2,1,0,0,31.0
Spirit of Atlanta,"Atlanta, GA",33.7489924,-84.3902644,DCI World Class,41.0,2024-07-18,"Waco, Texas",6.0,16.0,14.7,30.7,15.3,15.8,15.4,23.25,15.7,15.8,15.4,23.45,77.4,0.0,77.4,31.5491899,-97.1474628,22.0,15,77.4,2024-07-18,248.84825047998694,995.3930019199478,199.07860038398957,5.0,2.5,0.7387499999999999,75.13333333333334,0.7491666666666668,0.7449999999999999,0.7605555555555555,0.7599999999999999,0.7649999999999999,Music,Percussion,0.48302391442953146,79.51146496815284,82.41065904208347,76.61227089422222,80.13662420382164,86.07577524183893,74.19747316580434,80.76178343949042,89.88165433175041,71.64191254723043,81.3869426751592,93.82829631181794,68.94558903850049,82.012101910828,97.9157011820415,66.10850263961449,82.63726114649678,100.0,63.13065335057247,83.26242038216557,100.0,60.012041171374406,21.0,21.0,16.0,16.0,21st,21st,16th,16th,Semis,2,0,0,3,2,0,0,0,0,0,36.0
Atlanta CV,"Atlanta, GA",33.7489924,-84.3902644,DCI All Age World Class,23.0,2024-07-09,"Newnan, Georgia",1.0,15.5,15.0,30.5,15.8,15.3,15.2,23.15,16.2,15.4,14.4,23.0,76.65,0.0,76.65,33.3806716,-84.7996573,13.0,9,76.65,2024-07-09,,0.0,0.0,1.0,,,76.65,0.7625,0.7716666666666666,0.7666666666666667,0.8099999999999999,0.72,Visual,Brass,,,,,,,,,,,,,,,,,,,,,,,20.0,22.0,,,20th,22nd,,,,0,1,0,0,0,0,0,0,0,0,25.0
Music City,"Nashville, TN",36.1622767,-86.7742984,DCI World Class,40.0,2024-07-18,"Denton, Texas",2.0,14.8,15.5,30.3,14.9,14.9,14.6,22.2,15.1,15.0,14.8,22.45,74.95,0.0,74.95,33.1838787,-97.1413417,22.0,9,74.95,2024-07-18,251.22239606687162,1256.1119803343581,209.351996722393,6.0,2.0,0.6166666666666661,73.85000000000001,0.7408333333333332,0.7316666666666667,0.7422222222222222,0.7366666666666667,0.7533333333333334,Music,Percussion,0.4585202942237686,76.17430107526884,78.61346346593896,73.73513868459872,76.60559139784948,81.60038045038688,71.6108023453121,77.03688172043013,84.70376170603197,69.37000173482829,77.46817204301078,87.92360723287422,67.01273685314733,77.89946236559142,91.25991703091364,64.53900770026921,78.33075268817207,94.71269110015022,61.94881427619391,78.7620430107527,98.28192944058398,59.24215658092146,22.0,23.0,17.0,17.0,22nd,23rd,17th,17th,Semis,6,0,0,0,4,1,0,0,1,0,42.0
The Academy,"Tempe, AZ",33.4255117,-111.940016,DCI World Class,41.0,2024-07-18,"Waco, Texas",4.0,15.2,14.6,29.8,14.9,15.1,15.1,22.55,14.4,15.4,14.5,22.15,74.5,0.0,74.5,31.5491899,-97.1474628,22.0,10,74.5,2024-07-18,281.122721142747,1967.859047999229,245.98238099990363,8.0,1.8571428571428572,0.8083333333333325,73.23333333333333,0.7366666666666667,0.7338888888888888,0.725,0.7,0.725,General Effect,Percussion,0.6485129198897434,77.0915254237288,79.41946568740728,74.76358516005033,77.74618644067796,82.51741920287643,72.9749536784795,78.40084745762711,85.73072495318704,71.07096996206718,79.05550847457627,89.05938293833913,69.05163401081339,79.71016949152542,92.50339315833274,66.9169458247181,80.36483050847457,96.06275561316784,64.6669054037813,81.01949152542372,99.73747030284441,62.301512748003034,23.0,24.0,18.0,18.0,23rd,24th,18th,18th,Semis,7,0,0,1,1,4,0,2,0,0,40.0
Spartans,"Nashua, NH",42.7656251,-71.4677032,DCI Open Class,42.0,2024-07-19,"Bellbrook, Ohio",3.0,14.7,14.4,29.1,15.0,15.2,14.9,22.55,14.8,14.8,14.8,22.2,73.85,0.0,73.85,39.6358399,-84.0701766,23.0,8,73.85,2024-07-19,368.4217463493902,1842.1087317469512,307.0181219578252,6.0,4.0,0.7277777777777785,70.61666666666666,0.7083333333333333,0.7116666666666666,0.6977777777777778,0.6983333333333335,0.6833333333333333,Visual,Brass,0.7142773690080205,75.272098385857,77.44590151601707,73.09829525569694,75.9285549577248,80.38462603042056,71.47248388502904,76.58501152959259,83.4318153571997,69.73820770198549,77.24146810146038,86.58746949635447,67.8954667065663,77.89792467332818,89.85158844788488,65.94426089877147,78.55438124519597,93.22417221179091,63.884590278601024,79.21083781706376,96.70522078807261,61.71645484605492,27.0,25.0,20.0,19.0,27th,25th,20th,19th,Semis,0,6,0,0,0,0,0,0,0,0,4.0
Blue Devils B,"Concord, CA",37.9768525,-122.0335624,DCI Open Class,35.0,2024-07-14,"Cerritos, California",5.0,14.9,14.7,29.6,15.5,14.7,14.4,22.3,14.5,14.7,14.4,21.8,73.7,0.0,73.7,33.8644291,-118.0539323,18.0,11,73.7,2024-07-14,170.5093308742101,1193.5653161194707,149.19566451493384,8.0,2.2857142857142856,1.0111904761904753,72.78333333333335,0.7316666666666667,0.7288888888888888,0.7216666666666668,0.7183333333333334,0.7283333333333334,General Effect,Percussion,0.7756977481434872,78.00662902551231,79.7914144576548,76.22184359336983,78.69657047260557,82.36306975535219,75.03007118985896,79.38651191969883,85.03165347151123,73.74137036788645,80.0764533667921,87.79716560613193,72.35574112745228,80.76639481388537,90.65960615921429,70.87318346855645,81.45633626097863,93.61897513075829,69.29369739119898,82.14627770807189,96.67527252076394,67.61728289537984,25.0,26.0,19.0,20.0,25th,26th,19th,20th,Semis,0,8,0,0,0,0,0,0,0,0,3.0
Fusion Core,"Morris County, NJ",40.8679538,-74.5601181,DCI All Age Open Class,29.0,2024-07-13,"Clifton, New Jersey",1.0,15.3,15.2,30.5,12.8,15.0,15.3,21.55,13.9,15.0,14.3,21.6,73.65,0.0,73.65,40.8584328,-74.1637553,17.0,10,73.65,2024-07-13,64.77655470097135,64.77655470097135,32.38827735048567,2.0,14.0,0.5250000000000006,69.975,0.7112499999999999,0.6891666666666667,0.6950000000000001,0.6849999999999999,0.6925000000000001,General Effect,Percussion,,,,,,,,,,,,,,,,,,,,,,,28.0,27.0,,,28th,27th,,,,0,2,0,0,0,0,0,0,0,0,16.0
Rogues Hollow Regiment,"Doylestown, OH",40.9700549,-81.6965168,DCI All Age Open Class,16.0,2024-07-06,"Whitewater, Wisconsin",1.0,15.2,14.7,29.9,14.4,15.1,14.4,21.95,14.0,14.2,13.5,20.85,72.7,0.0,72.7,42.8336422,-88.7292679,10.0,20,72.7,2024-07-06,,0.0,0.0,1.0,,,72.7,0.7474999999999999,0.7316666666666667,0.6950000000000001,0.7,0.675,General Effect,Brass,,,,,,,,,,,,,,,,,,,,,,,26.0,28.0,,,26th,28th,,,,0,1,0,0,0,0,0,0,0,0,26.0
Gold,"San Diego, CA",32.7174202,-117.162772,DCI Open Class,35.0,2024-07-14,"Cerritos, California",4.0,14.5,14.1,28.6,15.0,14.1,14.2,21.65,14.1,14.2,13.7,21.0,71.25,0.0,71.25,33.8644291,-118.0539323,18.0,4,71.25,2024-07-14,170.5093308742101,1193.5653161194707,149.19566451493384,8.0,2.2857142857142856,1.027142857142857,69.96666666666667,0.7016666666666665,0.7055555555555556,0.6911111111111111,0.6799999999999999,0.6983333333333334,Visual,Percussion,0.706689035123811,75.71555834378917,77.34156318647757,74.08955350110077,76.46198243412793,79.80229745580702,73.12166741244886,77.20840652446671,82.35133706143877,72.06547598749464,77.95483061480547,84.98868200337282,70.92097922623813,78.70125470514424,87.71433228160915,69.68817712867934,79.447678795483,90.52828789614776,68.36706969481826,80.19410288582178,93.43054884698869,66.95765692465487,29.0,29.0,21.0,21.0,29th,29th,21st,21st,Semis,0,0,8,0,0,0,0,0,0,0,28.0
Govenaires,"St. Peter, MN",44.3238384,-93.9585295,DCI All Age Class A,34.0,2024-07-14,"Ankeny, Iowa",1.0,14.1,14.8,28.9,14.4,14.2,14.1,21.35,13.3,14.2,13.6,20.55,70.8,0.0,70.8,41.7320796,-93.605092,18.0,10,70.8,2024-07-14,206.18756223812494,412.3751244762499,137.45837482541663,3.0,7.5,0.32749999999999985,68.61666666666667,0.6983333333333334,0.6855555555555556,0.6705555555555555,0.6633333333333333,0.6683333333333333,General Effect,Percussion,0.0850420064270713,72.96071428571422,73.38311402873191,72.53831454269653,73.27857142857135,74.14564013927547,72.41150271786724,73.59642857142849,74.9304354744878,72.2624216683692,73.91428571428563,75.73750003436885,72.09107139420242,74.23214285714278,76.56683381891867,71.89745189536688,74.54999999999991,77.4184368281372,71.68156317186262,74.86785714285705,78.29230906202451,71.44340522368958,32.0,30.0,,,32nd,30th,,,,0,3,0,0,0,0,0,0,0,0,12.0
Genesis,"Austin, TX",30.2711286,-97.7436995,DCI World Class,41.0,2024-07-18,"Waco, Texas",3.0,14.1,14.5,28.6,13.8,14.1,14.2,21.05,14.6,14.2,12.5,20.65,70.3,0.0,70.3,31.5491899,-97.1474628,22.0,7,70.3,2024-07-18,210.85806449795754,843.4322579918302,168.68645159836603,5.0,1.5,0.4374999999999982,69.28333333333335,0.6950000000000001,0.6933333333333334,0.6894444444444444,0.69,0.6766666666666666,General Effect,Brass,0.38479175274745353,71.26535087719294,75.35229604890574,67.17840570548015,71.6710526315789,80.03104782690885,63.31105743624899,72.07675438596488,84.89590445681624,59.25760431511351,72.48245614035085,89.94686593862798,55.01804634207372,72.8881578947368,95.18393227234401,50.592383517129605,73.29385964912278,100.0,45.98061584028117,73.69956140350874,100.0,41.18274331152842,30.0,31.0,22.0,22.0,30th,31st,22nd,22nd,Semis,5,0,0,0,1,2,1,0,1,0,44.0
River City Rhythm,"Anoka, MN",45.2710195,-93.2827625,DCI Open Class,42.0,2024-07-19,"Bellbrook, Ohio",1.0,13.9,13.2,27.1,14.3,13.9,14.2,21.2,14.5,14.5,14.5,21.75,70.05,0.0,70.05,39.6358399,-84.0701766,23.0,15,70.05,2024-07-19,236.3435649229115,1181.7178246145575,196.9529707690929,6.0,2.8,0.6316666666666663,67.71666666666665,0.6691666666666667,0.6894444444444444,0.6755555555555556,0.6516666666666666,0.6983333333333334,Visual,Percussion,1.1680442184473971,71.5675937904269,76.23189736410414,66.90329021674965,72.15620957309184,81.7149238974756,62.597495248708086,72.74482535575679,87.42805760787631,58.06159310363725,73.33344113842172,93.37129849530629,53.295583781537154,73.92205692108666,99.54464655976552,48.2994672824078,74.51067270375161,100.0,43.073243606249164,75.09928848641654,100.0,37.61691275306128,33.0,34.0,23.0,24.0,33rd,34th,23rd,24th,Semis,0,5,1,0,0,0,0,0,0,0,6.0
Sunrisers,"Long Island, NY",40.85149705,-73.0994258107431,DCI All Age Class A,29.0,2024-07-13,"Clifton, New Jersey",1.0,14.8,14.7,29.5,13.2,14.4,14.2,20.9,13.1,13.2,13.0,19.65,70.05,0.0,70.05,40.8584328,-74.1637553,17.0,9,70.05,2024-07-13,64.77655470097135,64.77655470097135,32.38827735048567,2.0,14.0,0.4178571428571424,67.125,0.69375,0.6683333333333332,0.6441666666666667,0.64,0.635,General Effect,Brass,,,,,,,,,,,,,,,,,,,,,,,34.0,34.0,,,34th,34th,,,,0,2,0,0,0,0,0,0,0,0,17.0
The Battalion,"Salt Lake City, UT",40.7596198,-111.886797,DCI Open Class,42.0,2024-07-19,"Bellbrook, Ohio",2.0,13.5,13.8,27.3,14.4,14.8,14.0,21.6,14.1,14.1,14.1,21.15,70.05,0.0,70.05,39.6358399,-84.0701766,23.0,12,70.05,2024-07-19,508.489945046538,1525.4698351396141,381.36745878490353,4.0,3.0,0.5527777777777764,64.93333333333334,0.6391666666666667,0.6583333333333333,0.6538888888888889,0.67,0.6399999999999999,Visual,Brass,0.8774067429605218,71.81666666666666,78.67584494062173,64.95748839271158,72.87388888888887,86.91262908028344,58.835148697494326,73.93111111111111,95.46979686342956,52.392425358792636,74.98833333333332,100.0,45.62931837660655,76.04555555555554,100.0,38.54582775093604,77.10277777777776,100.0,31.141953481781112,78.15999999999997,100.0,23.417695569141774,36.0,34.0,25.0,24.0,36th,34th,25th,24th,Semis,0,3,1,0,0,0,0,0,0,0,11.0
Columbus Saints,"Columbus, OH",39.9622601,-83.0007065,DCI All Age Class A,42.0,2024-07-19,"Bellbrook, Ohio",1.0,12.8,13.5,26.3,14.9,14.4,14.4,21.65,14.1,14.1,14.1,21.15,69.1,0.0,69.1,39.6358399,-84.0701766,23.0,14,69.1,2024-07-19,,0.0,0.0,1.0,,,69.1,0.6575,0.7216666666666666,0.705,0.705,0.705,Visual,Neither,,,,,,,,,,,,,,,,,,,,,,,31.0,35.0,,,31st,35th,,,,0,1,0,0,0,0,0,0,0,0,27.0
Seattle Cascades,"Seattle, WA",47.6038321,-122.330062,DCI World Class,41.0,2024-07-18,"Waco, Texas",2.0,13.6,14.2,27.8,13.2,13.2,13.2,19.8,13.6,13.4,12.8,19.9,67.5,0.0,67.5,31.5491899,-97.1474628,22.0,15,67.5,2024-07-18,226.92621306109496,2042.3359175498547,204.23359175498547,10.0,1.4444444444444444,0.4527777777777777,65.98333333333333,0.6666666666666667,0.6483333333333333,0.6622222222222223,0.6583333333333333,0.6583333333333333,General Effect,Neither,0.6950622775741013,67.8717570754717,70.17846985512071,65.56504429582269,68.24846698113208,72.97511095056879,63.52182301169536,68.62517688679246,75.88497045615557,61.365383317429334,69.00188679245284,78.90804837188107,59.09572521302461,69.37859669811321,82.04434469774526,56.71284869848117,69.75530660377359,85.29385943374814,54.216753773799034,70.13201650943397,88.65659257988973,51.607440438978195,35.0,36.0,24.0,25.0,35th,36th,24th,25th,Semis,7,0,0,3,1,1,2,1,1,1,37.0
Impulse,"Buena Park, CA",33.870413,-117.9962165,DCI Open Class,35.0,2024-07-14,"Cerritos, California",3.0,13.4,13.1,26.5,12.9,13.1,14.1,20.05,12.8,12.9,12.7,19.2,65.75,0.0,65.75,33.8644291,-118.0539323,18.0,7,65.75,2024-07-14,170.5093308742101,1193.5653161194707,149.19566451493384,8.0,2.2857142857142856,0.7188095238095246,64.48333333333333,0.6583333333333333,0.6483333333333333,0.6233333333333334,0.6283333333333334,0.625,General Effect,Brass,1.1828356594083371,72.40087829360098,75.12243815191334,69.67931843528862,73.37446675031364,78.96538938378437,67.78354411684293,74.34805520702632,82.95614353250143,65.7399668815512,75.321643663739,87.0947005980645,63.54858672941347,76.29523212045166,91.38106058047359,61.20940366042973,77.26882057716433,95.8152234797287,58.72241767459997,78.24240903387701,100.0,56.08762877192419,39.0,37.0,28.0,26.0,39th,37th,28th,26th,Prelims,1,0,0,7,1,0,0,0,0,0,35.0
Jersey Surf,"Camden County, NJ",39.8014709,-74.968553,DCI World Class,41.0,2024-07-18,"Waco, Texas",1.0,13.3,13.5,26.8,12.9,13.4,14.0,20.15,13.1,12.7,11.1,18.45,65.4,0.0,65.4,31.5491899,-97.1474628,22.0,10,65.4,2024-07-18,1429.7728011258218,1429.7728011258218,714.8864005629109,2.0,5.0,0.31000000000000083,64.625,0.6625,0.6533333333333334,0.6166666666666667,0.635,0.5900000000000001,General Effect,Brass,,,,,,,,,,,,,,,,,,,,,,,38.0,38.0,27.0,27.0,38th,38th,27th,27th,Prelims,1,1,0,0,0,0,0,0,1,0,24.0
Columbians,"Pasco, WA",46.2306739,-119.0921,DCI Open Class,19.0,2024-07-08,"Kennewick, Washington",1.0,12.9,13.0,25.9,13.2,13.4,13.0,19.8,12.3,12.9,12.6,18.9,64.6,0.0,64.6,46.2087066,-119.119919,12.0,10,64.6,2024-07-08,179.93064788274532,179.93064788274532,89.96532394137266,2.0,2.0,-0.17500000000000426,64.775,0.6587500000000001,0.6491666666666667,0.6316666666666666,0.6050000000000001,0.6275000000000001,General Effect,Percussion,,,,,,,,,,,,,,,,,,,,,,,37.0,39.0,26.0,28.0,37th,39th,26th,28th,Prelims,0,2,0,0,0,0,0,0,0,0,18.0
Colt Cadets,"Dubuque, IA",42.5006243,-90.6647985,DCI Open Class,37.0,2024-07-15,"Olathe, Kansas",1.0,12.7,13.0,25.7,12.9,12.8,12.8,19.25,12.4,12.6,12.6,18.8,63.75,0.0,63.75,38.8838856,-94.81887,19.0,10,63.75,2024-07-15,149.72542453257233,1197.8033962605787,133.08926625117542,9.0,2.0,0.7187499999999999,63.1,0.6266666666666667,0.6433333333333333,0.6244444444444445,0.6016666666666667,0.6433333333333333,Visual,Percussion,1.0120724752970782,67.37044129891753,69.83244831465848,64.90843428317658,67.89275603663609,72.94922628171727,62.83628579155491,68.41507077435466,76.19846046237538,60.631681086333934,68.93738551207322,79.58015085663277,58.29462016751367,69.4597002497918,83.09429746448947,55.82510303509411,69.98201498751035,86.74090028594546,53.22312968907525,70.50432972522893,90.51995932100075,50.488700129457094,40.0,40.0,29.0,29.0,40th,40th,29th,29th,Prelims,0,5,4,0,0,0,0,0,0,0,5.0
Guardians,"Dallas, TX",32.7762719,-96.7968559,DCI Open Class,43.0,2024-07-19,"Prairie View, Texas",1.0,12.6,12.2,24.8,13.0,12.2,14.2,19.7,12.5,13.2,12.5,19.1,63.6,0.0,63.6,30.0857916,-95.9907058,23.0,9,63.6,2024-07-19,275.4257206760768,275.4257206760768,137.7128603380384,2.0,3.0,0.9500000000000005,62.175,0.61,0.6291666666666667,0.63,0.615,0.64,Music,Percussion,,,,,,,,,,,,,,,,,,,,,,,41.0,41.0,30.0,30.0,41st,41st,30th,30th,Prelims,0,2,0,0,0,0,0,0,0,0,19.0
Golden Empire,"Bakersfield, CA",35.3738712,-119.019463,DCI Open Class,35.0,2024-07-14,"Cerritos, California",2.0,12.8,12.7,25.5,12.8,12.6,12.1,18.75,12.2,12.8,13.2,19.1,63.35,0.0,63.35,33.8644291,-118.0539323,18.0,12,63.35,2024-07-14,171.0905988463404,684.3623953853617,136.87247907707234,5.0,2.0,1.1900000000000013,61.949999999999996,0.6216666666666666,0.6161111111111112,0.62,0.5983333333333334,0.6333333333333333,General Effect,Percussion,0.7692394447168401,67.6221804511278,72.46473088175344,62.779630020502154,68.31766917293231,78.24632954522633,58.389008800638294,69.01315789473682,84.27148771974194,53.754828069731694,69.70864661654133,90.5402054053003,48.87708782778236,70.40413533834584,97.0524826019014,43.75578807479029,71.09962406015035,100.0,38.39092881075548,71.79511278195486,100.0,32.78251003567795,42.0,42.0,31.0,31.0,42nd,42nd,31st,31st,Prelims,5,0,0,0,5,0,0,0,0,0,41.0
Vessel,"San Dimas, CA",34.1065404,-117.8069361,DCI Open Class,35.0,2024-07-14,"Cerritos, California",1.0,12.2,12.2,24.4,12.3,12.1,11.6,18.0,12.4,12.2,12.2,18.4,60.8,0.0,60.8,33.8644291,-118.0539323,18.0,6,60.8,2024-07-14,180.39450458557656,1082.3670275134593,154.62386107335132,7.0,2.6666666666666665,0.5958333333333324,60.29999999999999,0.6075,0.5905555555555555,0.6094444444444445,0.6066666666666667,0.6166666666666667,Music,Percussion,0.33566736376769446,66.06903163950146,66.85588237298194,65.28218090602098,66.78077660594441,68.39707925052379,65.16447396136503,67.49252157238737,69.98087730568406,65.00416583909066,68.20426653883032,71.60727653846277,64.80125653919787,68.91601150527327,73.2762769488599,64.55574606168665,69.62775647171622,74.98787853687546,64.267634406557,70.33950143815917,76.74208130250943,63.936921573808924,43.0,43.0,32.0,32.0,43rd,43rd,32nd,32nd,Prelims,6,0,0,1,2,4,0,0,0,0,39.0
7th Regiment,"New London, CT",41.3556187,-72.0997804,DCI Open Class,5.0,2024-06-29,"Shelton, Connecticut",1.0,11.1,11.2,22.3,8.8,12.4,10.9,16.05,8.9,11.1,10.0,15.0,53.35,0.0,53.35,41.32039125,-73.0836549106838,3.0,11,53.35,2024-06-29,,0.0,0.0,1.0,,,53.35,0.5575,0.535,0.5,0.445,0.5,General Effect,Percussion,,,,,,,,,,,,,,,,,,,,,,,44.0,44.0,33.0,33.0,44th,44th,33rd,33rd,Prelims,0,0,1,0,0,0,0,0,0,0,34.0
Blue Devils C,"Concord, CA",37.9768525,-122.0335624,DCI Open Class,18.0,2024-07-07,"Sacramento, California",2.0,11.0,10.4,21.4,9.3,11.3,10.0,15.3,10.2,10.7,10.2,15.55,52.25,0.0,52.25,38.5810606,-121.493895,11.0,11,52.25,2024-07-07,149.22760033750842,596.9104013500337,119.38208027000674,5.0,2.25,0.2208333333333338,50.416666666666664,0.5149999999999999,0.49833333333333335,0.4955555555555556,0.4933333333333333,0.4933333333333333,General Effect,Neither,0.7173301192616978,63.09499999999999,66.27006656562281,59.91993343437717,63.849999999999994,70.39813505523821,57.301864944761775,64.60499999999999,74.72420546884618,54.48579453115381,65.35999999999999,79.24827780644672,51.47172219355326,66.115,83.97035206803984,48.25964793196014,66.86999999999999,88.89042825362553,44.84957174637445,67.625,94.0085063632038,41.241493636796186,45.0,45.0,34.0,34.0,45th,45th,34th,34th,Prelims,5,0,0,0,0,4,1,0,0,0,45.0
Heat Wave,"Tampa Bay, FL",27.6886419,-82.5723193,,,,,,,,,,,,,,,,,,,,,,,8,,,,,,,,,,,,,,,,,,,,,,,,,,,,,,,,,,,,,,,,,,,,,,,,0,0,0,0,0,0,0,0,0,0,46.0
Les Stentors,"Sherbrooke, QC",45.403271,-71.889038,,,,,,,,,,,,,,,,,,,,,,,11,,,,,,,,,,,,,,,,,,,,,,,,,,,,,,,,,,,,,,,,,,,,,,,,0,0,0,0,0,0,0,0,0,0,47.0
New York Skyliners,"Southern Tier, NY",42.1615601,-76.8426327,,,,,,,,,,,,,,,,,,,,,,,16,,,,,,,,,,,,,,,,,,,,,,,,,,,,,,,,,,,,,,,,,,,,,,,,0,0,0,0,0,0,0,0,0,0,48.0
Raiders,"Princeton, NJ",40.3496953,-74.6597376,,,,,,,,,,,,,,,,,,,,,,,7,,,,,,,,,,,,,,,,,,,,,,,,,,,,,,,,,,,,,,,,,,,,,,,,0,0,0,0,0,0,0,0,0,0,49.0
White Sabers,"Rochester, NY",43.157285,-77.615214,,,,,,,,,,,,,,,,,,,,,,,11,,,,,,,,,,,,,,,,,,,,,,,,,,,,,,,,,,,,,,,,,,,,,,,,0,0,0,0,0,0,0,0,0,0,50.0
