,Show Number,Date,Location,Corps,Performance Slot,General Effect 1,General Effect 2,General Effect Total,Visual Proficiency,Visual Analysis,Visual Color Guard,Visual Total,Music Brass,Music Analysis,Music Percussion,Music Total,Sub Total,Penalty,Total Score,Competition Latitude,Competition Longitude,General Effect 1 1,General Effect 1 2,General Effect 2 1,General Effect 2 2,Music Analysis 1,Music Analysis 2,Days from Season Start,Show and Class Placement,Show and Class Points,Total Score Residual
0,1,2024-06-26,"Rockford, Michigan",Boston Crusaders,5,15.4,14.4,29.8,14.5,14.3,14.5,21.65,14.3,14.7,14.1,21.55,73.0,0,73.0,43.119721,-85.559604,,,,,,,0,1,5,8.894641056630988
1,1,2024-06-26,"Rockford, Michigan",Phantom Regiment,2,14.8,14.2,29.0,14.0,13.6,13.6,20.6,13.8,14.2,13.1,20.55,70.15,0,70.15,43.119721,-85.559604,,,,,,,0,2,4,6.044641056630994
2,1,2024-06-26,"Rockford, Michigan",The Cavaliers,4,13.7,13.9,27.6,13.8,13.3,12.9,20.0,13.4,14.1,13.8,20.65,68.25,0,68.25,43.119721,-85.559604,,,,,,,0,3,3,4.144641056630988
3,1,2024-06-26,"Rockford, Michigan",Blue Stars,1,14.1,13.3,27.4,13.3,12.8,13.4,19.75,12.9,13.6,12.5,19.5,66.65,0,66.65,43.119721,-85.559604,,,,,,,0,4,2,2.5446410566309936
4,1,2024-06-26,"Rockford, Michigan",Colts,3,13.8,13.0,26.8,13.4,12.6,12.8,19.4,12.7,13.3,12.4,19.2,65.4,0,65.4,43.119721,-85.559604,,,,,,,0,5,1,1.2946410566309936
5,2,2024-06-28,"Muncie, Indiana",Carolina Crown,6,14.9,15.4,30.3,15.2,15.0,14.6,22.4,15.1,15.1,14.2,22.2,74.9,0,74.9,40.1936892,-85.3865271,,,,,,,2,1,6,9.54086567034868
6,2,2024-06-28,"Muncie, Indiana",Boston Crusaders,5,15.0,15.0,30.0,14.7,15.2,14.9,22.4,14.8,14.8,15.0,22.3,74.7,0,74.7,40.1936892,-85.3865271,,,,,,,2,2,5,9.340865670348677
7,2,2024-06-28,"Muncie, Indiana",Phantom Regiment,3,14.5,14.7,29.2,14.5,14.2,13.8,21.25,14.4,14.7,14.3,21.7,72.15,0,72.15,40.1936892,-85.3865271,,,,,,,2,3,4,6.79086567034868
8,2,2024-06-28,"Muncie, Indiana",The Cavaliers,2,13.7,14.1,27.8,14.0,13.4,13.1,20.25,13.7,14.3,14.1,21.05,69.1,0,69.1,40.1936892,-85.3865271,,,,,,,2,4,3,3.7408656703486685
9,2,2024-06-28,"Muncie, Indiana",Blue Stars,1,13.4,13.8,27.2,13.2,13.3,13.5,20.0,13.3,13.8,12.9,20.0,67.2,0,67.2,40.1936892,-85.3865271,,,,,,,2,5,2,1.840865670348677
10,2,2024-06-28,"Muncie, Indiana",Colts,4,13.5,13.6,27.1,13.4,13.0,12.9,19.65,13.4,13.6,13.7,20.35,67.1,0,67.1,40.1936892,-85.3865271,,,,,,,2,6,1,1.7408656703486685
11,3,2024-06-28,"Walnut, California",Blue Devils,3,15.5,15.5,31.0,15.1,15.2,15.2,22.75,15.1,15.2,15.4,22.85,76.6,0,76.6,33.7085883,-117.7926096,,,,,,,2,1,4,11.240865670348668
12,3,2024-06-28,"Walnut, California",Santa Clara Vanguard,1,14.4,15.0,29.4,14.5,14.2,14.1,21.4,14.6,13.8,15.3,21.85,72.65,0,72.65,33.7085883,-117.7926096,,,,,,,2,2,3,7.29086567034868
13,3,2024-06-28,"Walnut, California",Mandarins,2,14.8,14.5,29.3,14.1,14.4,14.4,21.45,14.2,13.4,14.2,20.9,71.65,0,71.65,33.7085883,-117.7926096,,,,,,,2,3,2,6.29086567034868
14,3,2024-06-28,"Walnut, California",Pacific Crest,4,13.0,13.0,26.0,12.4,12.5,12.8,18.85,12.7,12.7,13.5,19.45,64.3,0,64.3,33.7085883,-117.7926096,,,,,,,2,4,1,-1.0591343296513287
15,3,2024-06-28,"Walnut, California",Blue Devils B,3,12.4,12.3,24.7,12.2,12.8,11.8,18.4,12.4,12.5,12.8,18.85,61.95,0,61.95,33.7085883,-117.7926096,,,,,,,2,1,5,-3.409134329651323
16,3,2024-06-28,"Walnut, California",Gold,4,12.1,11.8,23.9,11.4,11.1,11.4,16.95,11.9,12.2,12.2,18.15,59.0,0,59.0,33.7085883,-117.7926096,,,,,,,2,2,4,-6.359134329651326
17,3,2024-06-28,"Walnut, California",Impulse,2,11.0,10.5,21.5,10.2,9.8,10.7,15.35,10.3,9.8,10.2,15.15,52.0,0,52.0,33.7085883,-117.7926096,,,,,,,2,3,3,-13.359134329651326
18,3,2024-06-28,"Walnut, California",Vessel,1,10.3,9.9,20.2,9.7,9.5,9.5,14.35,9.7,9.4,11.5,15.3,49.85,0,49.85,33.7085883,-117.7926096,,,,,,,2,4,2,-15.509134329651324
19,3,2024-06-28,"Walnut, California",Blue Devils C,5,10.0,9.6,19.6,9.0,8.6,9.3,13.45,9.1,8.8,9.4,13.65,46.7,0,46.7,33.7085883,-117.7926096,,,,,,,2,5,1,-18.659134329651323
20,4,2024-06-29,"Madison, Wisconsin",Blue Stars,1,13.8,13.4,27.2,13.8,1.3,13.7,20.4,13.7,13.7,13.4,20.4,68.0,0,68.0,43.074761,-89.3837613,,,,,,,3,1,3,2.0139779772075173
21,4,2024-06-29,"Madison, Wisconsin",Colts,2,13.5,13.6,27.1,13.5,13.4,13.5,20.2,13.8,13.1,13.7,20.3,67.6,0,67.6,43.074761,-89.3837613,,,,,,,3,2,2,1.6139779772075116
22,4,2024-06-29,"Madison, Wisconsin",Madison Scouts,3,13.2,13.8,27.0,13.3,12.8,12.8,19.45,13.0,12.6,13.2,19.4,65.85,0,65.85,43.074761,-89.3837613,,,,,,,3,3,1,-0.13602202279248843
23,4,2024-06-29,"Madison, Wisconsin",Colt Cadets,1,10.5,11.0,21.5,11.6,10.9,10.6,16.55,11.3,10.9,11.6,16.9,54.95,0,54.95,43.074761,-89.3837613,,,,,,,3,1,1,-11.03602202279248
24,4,2024-06-29,"Madison, Wisconsin",Govenaires,1,13.5,13.2,26.7,13.3,13.1,13.2,19.8,13.0,13.0,13.0,19.5,66.0,0,66.0,43.074761,-89.3837613,,,,,,,3,1,1,0.013977977207517256
25,5,2024-06-29,"Shelton, Connecticut",Spartans,2,12.6,12.5,25.1,10.1,13.2,11.8,17.55,10.4,12.8,12.3,17.75,60.4,0,60.4,41.32039125,-73.0836549106838,,,,,,,3,1,2,-5.586022022792484
26,5,2024-06-29,"Shelton, Connecticut",7th Regiment,1,11.1,11.2,22.3,8.8,12.4,10.9,16.05,8.9,11.1,10.0,15.0,53.35,0,53.35,41.32039125,-73.0836549106838,,,,,,,3,2,1,-12.636022022792481
27,5,2024-06-29,"Shelton, Connecticut",Reading Buccaneers,3,15.5,15.5,31.0,15.5,14.1,14.9,22.25,15.7,16.2,15.5,23.7,76.95,0,76.95,41.32039125,-73.0836549106838,,,,,,,3,1,4,10.96397797720752
28,5,2024-06-29,"Shelton, Connecticut",Bushwackers Drum Corps,1,14.8,14.7,29.5,15.1,13.8,14.6,21.75,15.3,15.5,15.6,23.2,74.45,0,74.45,41.32039125,-73.0836549106838,,,,,,,3,2,3,8.46397797720752
29,5,2024-06-29,"Shelton, Connecticut",Hawthorne Caballeros,2,15.2,15.1,30.3,14.7,13.6,14.3,21.3,14.9,15.8,14.7,22.7,74.3,0,74.3,41.32039125,-73.0836549106838,,,,,,,3,3,2,8.313977977207514
30,5,2024-06-29,"Shelton, Connecticut",Hurricanes,4,13.7,14.0,27.7,13.1,13.0,13.7,19.9,13.0,14.5,13.5,20.5,68.1,0,68.1,41.32039125,-73.0836549106838,,,,,,,3,4,1,2.1139779772075116
31,5,2024-06-29,"Shelton, Connecticut",Fusion Core,1,13.0,13.4,26.4,13.4,12.8,13.4,19.8,13.5,13.3,13.4,20.1,66.3,0,66.3,41.32039125,-73.0836549106838,,,,,,,3,1,1,0.3139779772075144
32,5,2024-06-29,"Shelton, Connecticut",Sunrisers,1,13.3,12.7,26.0,12.8,12.7,12.9,19.2,12.5,13.1,12.4,19.0,64.2,0,64.2,41.32039125,-73.0836549106838,,,,,,,3,1,1,-1.78602202279248
33,6,2024-06-29,"Walnut, California",Blue Devils,4,15.4,15.7,31.1,15.4,15.3,15.3,23.0,15.3,15.3,15.4,23.0,77.1,0,77.1,33.7085883,-117.7926096,,,,,,,3,1,4,11.113977977207512
34,6,2024-06-29,"Walnut, California",Santa Clara Vanguard,1,14.1,14.2,28.3,14.6,14.7,14.5,21.9,14.4,14.6,15.3,22.15,72.35,0,72.35,33.7085883,-117.7926096,,,,,,,3,2,3,6.363977977207512
35,6,2024-06-29,"Walnut, California",Mandarins,2,14.3,13.7,28.0,14.3,14.9,14.6,21.9,14.6,13.8,14.3,21.35,71.25,0,71.25,33.7085883,-117.7926096,,,,,,,3,3,2,5.263977977207517
36,6,2024-06-29,"Walnut, California",Pacific Crest,3,11.3,12.4,23.7,13.0,13.0,12.7,19.35,12.8,12.8,13.7,19.65,62.7,0,62.7,33.7085883,-117.7926096,,,,,,,3,4,1,-3.28602202279248
37,6,2024-06-29,"Walnut, California",Blue Devils B,4,13.0,12.7,25.7,12.5,12.7,12.3,18.75,12.5,13.0,13.0,19.25,63.7,0,63.7,33.7085883,-117.7926096,,,,,,,3,1,5,-2.28602202279248
38,6,2024-06-29,"Walnut, California",Gold,5,11.0,12.5,23.5,11.8,11.7,11.7,17.6,12.1,12.2,12.4,18.35,59.45,0,59.45,33.7085883,-117.7926096,,,,,,,3,2,4,-6.53602202279248
39,6,2024-06-29,"Walnut, California",Vessel,2,9.4,9.8,19.2,10.0,9.8,10.0,14.9,9.8,10.6,11.4,15.9,50.0,0,50.0,33.7085883,-117.7926096,,,,,,,3,3,3,-15.986022022792483
40,6,2024-06-29,"Walnut, California",Impulse,1,9.2,9.3,18.5,10.3,10.4,10.5,15.6,10.6,9.2,10.3,15.05,49.15,0,49.15,33.7085883,-117.7926096,,,,,,,3,4,2,-16.836022022792484
41,6,2024-06-29,"Walnut, California",Blue Devils C,3,8.9,9.1,18.0,9.4,9.1,9.5,14.0,9.1,9.0,9.5,13.8,45.8,0,45.8,33.7085883,-117.7926096,,,,,,,3,5,1,-20.186022022792486
42,7,2024-06-30,"Lisle, Illinois",Carolina Crown,6,15.9,15.6,31.5,15.6,14.8,15.2,22.8,15.0,15.2,15.4,22.8,77.1,0,77.1,41.801159,-88.0747687,,,,,,,4,1,7,10.487090284066355
43,7,2024-06-30,"Lisle, Illinois",Boston Crusaders,5,15.6,15.3,30.9,15.4,15.0,15.6,23.0,14.7,15.0,15.7,22.7,76.6,0,76.6,41.801159,-88.0747687,,,,,,,4,2,6,9.987090284066355
44,7,2024-06-30,"Lisle, Illinois",Phantom Regiment,4,15.0,14.7,29.7,15.0,14.5,14.6,22.05,14.5,14.6,15.0,22.05,73.8,0,73.8,41.801159,-88.0747687,,,,,,,4,3,5,7.1870902840663575
45,7,2024-06-30,"Lisle, Illinois",The Cavaliers,7,14.6,14.4,29.0,14.6,13.6,14.2,21.2,14.3,14.1,14.9,21.65,71.8,0,71.85,41.801159,-88.0747687,,,,,,,4,4,4,5.237090284066355
46,7,2024-06-30,"Lisle, Illinois",Colts,3,14.0,14.5,28.5,14.1,13.8,14.3,21.1,14.0,13.5,14.7,21.1,70.7,0,70.7,41.801159,-88.0747687,,,,,,,4,5,3,4.087090284066363
47,7,2024-06-30,"Lisle, Illinois",Blue Stars,2,14.1,14.2,28.3,14.2,14.0,14.5,21.35,13.7,13.7,14.1,20.75,70.4,0,70.4,41.801159,-88.0747687,,,,,,,4,6,2,3.787090284066366
48,7,2024-06-30,"Lisle, Illinois",Madison Scouts,1,13.5,13.7,27.2,13.6,13.3,13.2,20.05,13.5,13.2,13.6,20.15,67.4,0,67.4,41.801159,-88.0747687,,,,,,,4,7,1,0.787090284066366
49,7,2024-06-30,"Lisle, Illinois",Colt Cadets,1,10.8,12.0,22.8,11.3,11.7,11.4,17.2,11.5,11.2,12.2,17.45,57.45,0,57.45,41.801159,-88.0747687,,,,,,,4,1,1,-9.162909715933637
50,8,2024-06-30,"San Bernardino, California",Blue Devils,4,15.5,15.1,30.6,15.5,15.7,15.4,23.3,15.8,15.4,15.6,23.4,77.3,0,77.3,34.8253019,-116.0833144,,,,,,,4,1,4,10.687090284066358
51,8,2024-06-30,"San Bernardino, California",Santa Clara Vanguard,1,14.7,14.3,29.0,14.7,14.8,14.8,22.15,14.6,14.7,15.5,22.4,73.55,0,73.55,34.8253019,-116.0833144,,,,,,,4,2,3,6.9370902840663575
52,8,2024-06-30,"San Bernardino, California",Mandarins,3,14.8,14.4,29.2,14.6,15.1,14.6,22.15,14.3,14.4,14.5,21.6,72.95,0,72.95,34.8253019,-116.0833144,,,,,,,4,3,2,6.337090284066363
53,8,2024-06-30,"San Bernardino, California",Pacific Crest,2,12.7,12.2,24.9,13.2,12.7,12.9,19.4,13.1,12.6,13.7,19.7,64.0,0,64.0,34.8253019,-116.0833144,,,,,,,4,4,1,-2.6129097159336396
54,8,2024-06-30,"San Bernardino, California",Blue Devils B,4,12.6,12.7,25.3,12.9,13.0,12.5,19.2,12.6,13.2,12.9,19.35,63.85,0,63.85,34.8253019,-116.0833144,,,,,,,4,1,5,-2.762909715933638
55,8,2024-06-30,"San Bernardino, California",Gold,5,11.9,11.9,23.8,11.9,11.9,12.0,17.9,12.4,12.2,12.5,18.55,60.25,0,60.25,34.8253019,-116.0833144,,,,,,,4,2,4,-6.36290971593364
56,8,2024-06-30,"San Bernardino, California",Impulse,2,10.6,9.8,20.4,10.6,10.2,10.9,15.85,10.3,9.5,10.2,15.0,51.25,0,51.25,34.8253019,-116.0833144,,,,,,,4,3,3,-15.36290971593364
57,8,2024-06-30,"San Bernardino, California",Vessel,1,10.1,10.2,20.3,10.4,9.9,10.1,15.2,9.5,10.3,11.3,15.55,51.05,0,51.05,34.8253019,-116.0833144,,,,,,,4,4,2,-15.562909715933642
58,8,2024-06-30,"San Bernardino, California",Blue Devils C,3,9.3,9.2,18.5,9.6,9.3,9.7,14.3,9.2,9.0,9.6,13.9,46.7,0,46.7,34.8253019,-116.0833144,,,,,,,4,5,1,-19.912909715933637
59,9,2024-07-02,"Mason, OH",Bluecoats,4,16.3,15.9,32.2,15.4,15.5,15.7,23.3,15.3,15.6,15.6,23.25,78.75,0,78.75,39.3600586,-84.309939,,,,,,,6,1,4,10.883314897784047
60,9,2024-07-02,"Mason, OH",Boston Crusaders,2,16.1,15.7,31.8,15.8,15.2,15.8,23.4,15.4,15.4,15.7,23.25,78.45,0,78.45,39.3600586,-84.309939,,,,,,,6,2,3,10.58331489778405
61,9,2024-07-02,"Mason, OH",Carolina Crown,3,15.8,15.5,31.3,15.6,15.1,15.5,23.1,15.8,15.8,15.5,23.55,77.95,0,77.95,39.3600586,-84.309939,,,,,,,6,3,2,10.08331489778405
62,9,2024-07-02,"Mason, OH",Phantom Regiment,1,15.6,15.0,30.6,15.2,14.7,15.2,22.55,14.8,15.1,15.0,22.45,75.6,0,75.6,39.3600586,-84.309939,,,,,,,6,4,1,7.733314897784041
63,9,2024-07-02,"Mason, OH",Cincinnati Tradition,1,14.9,15.1,30.0,15.3,14.7,15.0,22.5,15.1,14.9,14.9,22.45,74.95,0,74.95,39.3600586,-84.309939,,,,,,,6,1,1,7.083314897784049
64,10,2024-07-03,"Cedarburg, Wisconsin",The Cavaliers,4,15.1,14.9,30.0,14.6,15.5,14.8,22.45,14.9,14.7,15.6,22.6,75.05,0,75.05,43.2966545,-87.9875348,,,,,,,7,1,4,6.556427204642887
65,10,2024-07-03,"Cedarburg, Wisconsin",Blue Stars,2,14.5,14.4,28.9,15.1,15.1,15.0,22.6,14.7,14.5,14.5,21.85,73.35,0,73.35,43.2966545,-87.9875348,,,,,,,7,2,3,4.856427204642884
66,10,2024-07-03,"Cedarburg, Wisconsin",Colts,3,14.6,14.7,29.3,14.7,14.8,14.9,22.2,14.2,14.3,14.8,21.65,73.15,0,73.15,43.2966545,-87.9875348,,,,,,,7,3,2,4.656427204642895
67,10,2024-07-03,"Cedarburg, Wisconsin",Madison Scouts,1,14.2,14.1,28.3,14.3,14.5,13.8,21.3,13.9,14.1,13.2,20.6,70.2,0,70.2,43.2966545,-87.9875348,,,,,,,7,4,1,1.7064272046428925
68,10,2024-07-03,"Cedarburg, Wisconsin",Colt Cadets,1,11.8,11.8,23.6,11.1,10.9,11.4,16.7,11.0,11.4,10.5,16.45,56.75,0,56.75,43.2966545,-87.9875348,,,,,,,7,1,1,-11.74357279535711
69,11,2024-07-05,"Clovis, California",Blue Devils,5,16.0,16.3,32.3,16.3,16.2,15.8,24.15,16.1,16.2,16.0,24.15,80.6,0,80.6,36.8252277,-119.7029194,,,,,,,9,1,5,10.85265181836057
70,11,2024-07-05,"Clovis, California",Mandarins,4,15.1,15.6,30.7,15.5,15.4,15.3,23.1,14.9,15.5,15.2,22.8,76.6,0,76.6,36.8252277,-119.7029194,,,,,,,9,2,4,6.85265181836057
71,11,2024-07-05,"Clovis, California",Santa Clara Vanguard,1,14.8,15.2,30.0,15.4,14.9,15.1,22.7,14.7,15.6,16.1,23.2,75.9,0,75.9,36.8252277,-119.7029194,,,,,,,9,3,3,6.152651818360582
72,11,2024-07-05,"Clovis, California",Pacific Crest,3,13.3,13.1,26.4,14.0,13.0,14.0,20.5,14.2,14.7,14.6,21.75,68.65,0,68.65,36.8252277,-119.7029194,,,,,,,9,4,2,-1.0973481816394184
73,11,2024-07-05,"Clovis, California",The Academy,2,12.4,12.1,24.5,13.9,13.9,12.5,20.15,13.6,14.2,13.9,20.85,65.5,0,65.5,36.8252277,-119.7029194,,,,,,,9,5,1,-4.247348181639424
74,12,2024-07-05,"Portland, Oregon",Troopers,2,14.2,14.4,28.6,14.0,14.4,13.6,21.0,14.9,14.1,14.7,21.85,71.45,0,71.45,45.5202471,-122.674194,,,,,,,9,1,3,1.7026518183605788
75,12,2024-07-05,"Portland, Oregon",Blue Knights,1,13.8,13.9,27.7,14.5,14.2,14.0,21.35,13.7,13.6,13.8,20.55,69.6,0,69.6,45.5202471,-122.674194,,,,,,,9,2,2,-0.14734818163942975
76,12,2024-07-05,"Portland, Oregon",Seattle Cascades,3,12.2,12.5,24.7,13.3,12.0,10.8,18.05,12.5,12.8,12.5,18.9,61.65,0,61.65,45.5202471,-122.674194,,,,,,,9,3,1,-8.097348181639425
77,13,2024-07-05,"Rockford, Illinois",Phantom Regiment,4,15.7,15.3,31.0,15.6,15.6,15.4,23.3,15.3,15.3,15.8,23.2,77.5,0,77.5,42.2713945,-89.093966,,,,,,,9,1,4,7.752651818360576
78,13,2024-07-05,"Rockford, Illinois",The Cavaliers,3,15.0,15.0,30.0,15.0,15.2,15.3,22.75,15.0,15.3,16.0,23.15,75.9,0,75.9,42.2713945,-89.093966,,,,,,,9,2,3,6.152651818360582
79,13,2024-07-05,"Rockford, Illinois",Blue Stars,2,14.5,14.7,29.2,14.8,14.9,15.0,22.35,14.9,15.0,15.2,22.55,74.1,0,74.1,42.2713945,-89.093966,,,,,,,9,3,2,4.35265181836057
80,13,2024-07-05,"Rockford, Illinois",Madison Scouts,1,14.4,14.4,28.8,14.3,14.3,14.0,21.3,14.5,14.2,13.8,21.25,71.35,0,71.35,42.2713945,-89.093966,,,,,,,9,4,1,1.6026518183605702
81,13,2024-07-05,"Rockford, Illinois",River City Rhythm,1,12.5,12.5,25.0,12.6,12.8,10.9,18.15,12.1,13.1,11.7,18.45,61.6,0,61.6,42.2713945,-89.093966,,,,,,,9,1,2,-8.147348181639423
82,13,2024-07-05,"Rockford, Illinois",Colt Cadets,2,12.1,11.9,24.0,11.8,11.9,11.3,17.5,11.7,12.1,11.8,17.8,59.3,0,59.3,42.2713945,-89.093966,,,,,,,9,2,1,-10.447348181639427
83,14,2024-07-06,"Stanford, California",Blue Devils,5,16.6,16.2,32.8,16.0,16.2,15.7,23.95,16.2,16.7,16.2,24.55,81.3,0,81.3,37.426540700000004,-122.17030545534064,,,,,,,10,1,5,10.925764125219416
84,14,2024-07-06,"Stanford, California",Mandarins,4,15.6,15.2,30.8,15.0,15.2,15.1,22.65,15.6,15.8,14.9,23.15,76.6,0,76.6,37.426540700000004,-122.17030545534064,,,,,,,10,2,4,6.225764125219413
85,14,2024-07-06,"Stanford, California",Santa Clara Vanguard,1,15.1,15.1,30.2,14.7,15.1,14.6,22.2,15.4,16.0,16.0,23.7,76.1,0,76.1,37.426540700000004,-122.17030545534064,,,,,,,10,3,3,5.725764125219413
86,14,2024-07-06,"Stanford, California",Pacific Crest,3,14.5,13.7,28.2,14.1,13.8,13.4,20.65,14.5,14.6,14.6,21.85,70.7,0,70.7,37.426540700000004,-122.17030545534064,,,,,,,10,4,2,0.3257641252194219
87,14,2024-07-06,"Stanford, California",The Academy,2,14.1,13.0,27.1,12.4,13.0,12.6,19.0,13.9,14.4,14.0,21.15,67.25,0,67.25,37.426540700000004,-122.17030545534064,,,,,,,10,5,1,-3.124235874780581
88,14,2024-07-06,"Stanford, California",Blue Devils B,5,13.0,13.4,26.4,12.3,13.8,12.2,19.15,14.0,13.0,13.9,20.45,66.0,0,66.0,37.426540700000004,-122.17030545534064,,,,,,,10,1,6,-4.374235874780581
89,14,2024-07-06,"Stanford, California",Gold,4,12.2,12.9,25.1,11.9,13.4,12.0,18.65,13.2,12.5,13.3,19.5,63.25,0,63.25,37.426540700000004,-122.17030545534064,,,,,,,10,2,5,-7.124235874780581
90,14,2024-07-06,"Stanford, California",Impulse,1,11.6,12.3,23.9,10.9,12.5,11.2,17.3,11.6,11.1,11.7,17.2,58.4,0,58.4,37.426540700000004,-122.17030545534064,,,,,,,10,3,4,-11.974235874780582
91,14,2024-07-06,"Stanford, California",Golden Empire,3,11.0,12.0,23.0,11.1,12.0,10.6,16.85,11.7,11.4,11.5,17.3,57.15,0,57.15,37.426540700000004,-122.17030545534064,,,,,,,10,4,3,-13.224235874780582
92,14,2024-07-06,"Stanford, California",Vessel,2,11.5,11.4,22.9,11.0,10.7,10.5,16.1,11.2,11.6,11.1,16.95,55.95,0,55.95,37.426540700000004,-122.17030545534064,,,,,,,10,5,2,-14.424235874780578
93,14,2024-07-06,"Stanford, California",Blue Devils C,6,11.2,10.7,21.9,10.0,11.1,9.4,15.25,10.2,10.3,9.8,15.15,52.3,0,52.3,37.426540700000004,-122.17030545534064,,,,,,,10,6,1,-18.074235874780584
94,15,2024-07-06,"Seattle, Washington",Troopers,1,14.6,14.9,29.5,14.5,14.0,14.3,21.4,14.6,14.7,14.7,22.0,72.9,0,72.9,47.6038321,-122.330062,,,,,,,10,1,3,2.5257641252194247
95,15,2024-07-06,"Seattle, Washington",Blue Knights,2,14.2,15.0,29.2,15.0,14.3,14.6,21.95,14.0,14.0,14.2,21.1,72.25,0,72.25,47.6038321,-122.330062,,,,,,,10,2,2,1.875764125219419
96,15,2024-07-06,"Seattle, Washington",Seattle Cascades,3,12.3,12.7,25.0,12.6,11.0,11.1,17.35,12.3,12.9,13.4,19.3,61.65,0,61.65,47.6038321,-122.330062,,,,,,,10,3,1,-8.724235874780582
97,15,2024-07-06,"Seattle, Washington",Columbians,1,13.1,13.7,26.8,12.8,12.2,13.3,19.15,11.9,13.6,12.5,19.0,64.95,0,64.95,47.6038321,-122.330062,,,,,,,10,1,1,-5.424235874780578
98,16,2024-07-06,"Whitewater, Wisconsin",Bluecoats,4,16.4,16.6,33.0,16.1,16.4,16.5,24.5,15.9,16.4,16.5,24.4,81.9,0,81.9,42.8336422,-88.7292679,,,,,,,10,1,5,11.525764125219425
99,16,2024-07-06,"Whitewater, Wisconsin",Phantom Regiment,2,15.9,15.8,31.7,15.8,15.9,15.8,23.75,15.4,16.0,16.0,23.7,79.15,0,79.15,42.8336422,-88.7292679,,,,,,,10,2,4,8.775764125219425
100,16,2024-07-06,"Whitewater, Wisconsin",The Cavaliers,1,15.4,15.2,30.6,15.5,15.5,15.4,23.2,14.9,15.4,16.4,23.35,77.15,0,77.15,42.8336422,-88.7292679,,,,,,,10,3,3,6.775764125219425
101,16,2024-07-06,"Whitewater, Wisconsin",Colts,3,15.3,15.1,30.4,14.8,15.3,15.3,22.7,14.6,15.2,15.7,22.75,75.85,0,75.85,42.8336422,-88.7292679,,,,,,,10,4,2,5.475764125219413
102,16,2024-07-06,"Whitewater, Wisconsin",Madison Scouts,5,14.5,14.7,29.2,14.2,14.7,14.2,21.55,14.2,14.5,14.8,21.75,72.5,0,72.5,42.8336422,-88.7292679,,,,,,,10,5,1,2.125764125219419
103,16,2024-07-06,"Whitewater, Wisconsin",Colt Cadets,1,12.3,12.1,24.4,12.2,12.3,11.5,18.0,11.2,12.4,13.9,18.75,61.15,0,61.15,42.8336422,-88.7292679,,,,,,,10,1,1,-9.224235874780582
104,16,2024-07-06,"Whitewater, Wisconsin",Rogues Hollow Regiment,1,15.2,14.7,29.9,14.4,15.1,14.4,21.95,14.0,14.2,13.5,20.85,72.7,0,72.7,42.8336422,-88.7292679,,,,,,,10,1,1,2.325764125219422
105,17,2024-07-07,"LaCrosse, Wisconsin",Bluecoats,4,16.6,17.3,33.9,16.4,16.5,16.5,24.7,16.5,16.5,16.6,24.8,83.4,0,83.4,43.90430205,-91.10410630417958,,,,,,,11,1,5,12.398876432078268
106,17,2024-07-07,"LaCrosse, Wisconsin",Phantom Regiment,2,15.8,16.9,32.7,16.0,16.1,16.1,24.1,15.6,16.1,16.0,23.85,80.65,0,80.65,43.90430205,-91.10410630417958,,,,,,,11,2,4,9.648876432078268
107,17,2024-07-07,"LaCrosse, Wisconsin",Colts,3,15.0,16.0,31.0,14.8,15.6,15.2,22.8,14.7,15.4,15.6,22.85,76.65,0,76.65,43.90430205,-91.10410630417958,,,,,,,11,3,3,5.648876432078268
108,17,2024-07-07,"LaCrosse, Wisconsin",Blue Stars,5,14.7,15.2,29.9,15.1,15.3,15.3,22.85,15.3,15.0,15.3,22.8,75.55,0,75.55,43.90430205,-91.10410630417958,,,,,,,11,4,2,4.548876432078259
109,17,2024-07-07,"LaCrosse, Wisconsin",Madison Scouts,1,14.8,14.7,29.5,14.5,14.8,14.5,21.9,14.3,14.7,14.5,21.75,73.15,0,73.15,43.90430205,-91.10410630417958,,,,,,,11,5,1,2.148876432078268
110,17,2024-07-07,"LaCrosse, Wisconsin",River City Rhythm,1,12.4,12.2,24.6,13.1,12.5,11.9,18.75,12.4,12.8,12.3,18.75,62.1,0,62.1,43.90430205,-91.10410630417958,,,,,,,11,1,1,-8.901123567921736
111,18,2024-07-07,"Sacramento, California",Blue Devils,4,16.5,16.4,32.9,16.2,16.8,16.0,24.5,16.5,16.4,16.4,24.65,82.05,0,82.05,38.5810606,-121.493895,,,,,,,11,1,5,11.04887643207826
112,18,2024-07-07,"Sacramento, California",Mandarins,5,16.1,16.0,32.1,15.4,15.8,15.0,23.1,15.9,15.5,15.0,23.2,78.4,0,78.4,38.5810606,-121.493895,,,,,,,11,2,4,7.398876432078268
113,18,2024-07-07,"Sacramento, California",Santa Clara Vanguard,1,15.4,15.8,31.2,15.6,15.4,14.5,22.75,15.7,15.3,16.1,23.55,77.5,0,77.5,38.5810606,-121.493895,,,,,,,11,3,3,6.498876432078262
114,18,2024-07-07,"Sacramento, California",Pacific Crest,2,13.9,14.8,28.7,13.3,14.8,13.2,20.65,14.7,14.0,14.7,21.7,71.05,0,71.05,38.5810606,-121.493895,,,,,,,11,4,2,0.04887643207825931
115,18,2024-07-07,"Sacramento, California",The Academy,3,13.4,14.4,27.8,12.5,14.5,12.6,19.8,14.1,13.5,13.9,20.75,68.35,0,68.35,38.5810606,-121.493895,,,,,,,11,5,1,-2.6511235679217435
116,18,2024-07-07,"Sacramento, California",Blue Devils B,5,14.1,14.2,28.3,12.9,13.6,12.6,19.55,12.8,13.7,14.0,20.25,68.1,0,68.1,38.5810606,-121.493895,,,,,,,11,1,5,-2.9011235679217435
117,18,2024-07-07,"Sacramento, California",Gold,4,13.8,13.3,27.1,12.2,12.9,12.0,18.55,12.3,13.0,13.5,19.4,65.05,0,65.05,38.5810606,-121.493895,,,,,,,11,2,4,-5.951123567921741
118,18,2024-07-07,"Sacramento, California",Impulse,1,13.2,11.9,25.1,10.6,12.0,11.2,16.9,10.8,11.8,11.6,17.1,59.1,0,59.1,38.5810606,-121.493895,,,,,,,11,3,3,-11.901123567921736
119,18,2024-07-07,"Sacramento, California",Golden Empire,3,11.8,11.6,23.4,11.1,12.4,11.0,17.25,11.3,12.4,11.5,17.6,58.25,0,58.25,38.5810606,-121.493895,,,,,,,11,4,2,-12.751123567921738
120,18,2024-07-07,"Sacramento, California",Blue Devils C,2,11.0,10.4,21.4,9.3,11.3,10.0,15.3,10.2,10.7,10.2,15.55,52.25,0,52.25,38.5810606,-121.493895,,,,,,,11,5,1,-18.751123567921738
121,19,2024-07-08,"Kennewick, Washington",Troopers,3,15.0,15.1,30.1,14.9,15.3,15.0,22.6,15.5,14.9,15.7,23.05,75.75,0,75.75,46.2087066,-119.119919,,,,,,,12,1,3,4.121988738937105
122,19,2024-07-08,"Kennewick, Washington",Blue Knights,2,14.9,14.8,29.7,15.2,15.0,15.1,22.65,14.6,14.7,14.8,22.05,74.4,0,74.4,46.2087066,-119.119919,,,,,,,12,2,2,2.771988738937111
123,19,2024-07-08,"Kennewick, Washington",Seattle Cascades,1,12.8,12.9,25.7,13.3,12.0,11.0,18.15,12.7,12.7,13.2,19.3,63.15,0,63.15,46.2087066,-119.119919,,,,,,,12,3,1,-8.478011261062896
124,19,2024-07-08,"Kennewick, Washington",Columbians,1,12.9,13.0,25.9,13.2,13.4,13.0,19.8,12.3,12.9,12.6,18.9,64.6,0,64.6,46.2087066,-119.119919,,,,,,,12,1,1,-7.0280112610629
125,20,2024-07-08,"Sevierville, Tennessee",Carolina Crown,4,16.6,16.7,33.3,16.7,16.5,16.5,24.85,16.2,18.0,16.4,25.3,83.45,0,83.45,35.8681455,-83.561835,,,,,,,12,1,4,11.821988738937108
126,20,2024-07-08,"Sevierville, Tennessee",Crossmen,3,14.9,15.3,30.2,14.7,14.8,14.5,22.0,14.7,14.7,15.5,22.45,74.65,0,74.65,35.8681455,-83.561835,,,,,,,12,2,3,3.021988738937111
127,20,2024-07-08,"Sevierville, Tennessee",Spirit of Atlanta,2,14.4,14.4,28.8,14.4,14.3,14.2,21.45,14.1,13.4,14.4,20.95,71.2,0,71.2,35.8681455,-83.561835,,,,,,,12,3,2,-0.4280112610628919
128,20,2024-07-08,"Sevierville, Tennessee",Music City,1,14.0,14.1,28.1,14.8,14.2,13.7,21.35,13.3,13.6,14.1,20.5,69.95,0,69.95,35.8681455,-83.561835,,,,,,,12,4,1,-1.678011261062892
129,20,2024-07-08,"Sevierville, Tennessee",Spartans,1,13.7,13.6,27.3,13.6,13.0,12.4,19.5,12.4,13.8,13.7,19.95,66.75,0,66.75,35.8681455,-83.561835,,,,,,,12,1,1,-4.878011261062895
130,21,2024-07-09,"Boise, Idaho",Mandarins,3,16.3,16.1,32.4,15.9,16.3,16.0,24.1,16.5,15.9,14.6,23.5,80.0,0,80.0,43.6166163,-116.200886,,,,,,,13,1,4,7.745101045795948
131,21,2024-07-09,"Boise, Idaho",Troopers,2,15.0,15.2,30.2,14.7,15.1,14.9,22.35,15.8,15.0,14.5,22.65,75.2,0,75.2,43.6166163,-116.200886,,,,,,,13,2,3,2.9451010457959512
132,21,2024-07-09,"Boise, Idaho",Blue Knights,1,14.9,14.9,29.8,14.6,15.3,14.1,22.0,15.0,14.8,13.6,21.7,73.5,0,73.5,43.6166163,-116.200886,,,,,,,13,3,2,1.2451010457959484
133,21,2024-07-09,"Boise, Idaho",Seattle Cascades,4,13.1,12.9,26.0,12.2,13.0,13.5,19.35,13.1,12.9,12.9,19.45,64.8,0,64.8,43.6166163,-116.200886,,,,,,,13,4,1,-7.4548989542040545
134,22,2024-07-09,"Mankato, Minnesota",Phantom Regiment,3,16.3,16.4,32.7,16.1,16.6,16.5,24.6,15.8,16.3,16.1,24.1,81.4,0,81.4,44.1634663,-93.9993505,,,,,,,13,1,3,9.145101045795954
135,22,2024-07-09,"Mankato, Minnesota",Colts,2,15.7,15.1,30.8,15.0,16.0,15.6,23.3,14.7,15.5,15.5,22.85,76.95,0,76.95,44.1634663,-93.9993505,,,,,,,13,2,2,4.695101045795951
136,22,2024-07-09,"Mankato, Minnesota",Madison Scouts,1,15.3,14.8,30.1,14.8,15.5,14.8,22.55,14.6,15.1,14.9,22.3,74.95,0,74.95,44.1634663,-93.9993505,,,,,,,13,3,1,2.6951010457959512
137,22,2024-07-09,"Mankato, Minnesota",River City Rhythm,2,14.0,13.2,27.2,13.1,12.8,13.1,19.5,12.9,14.3,12.7,19.95,66.65,0,66.65,44.1634663,-93.9993505,,,,,,,13,1,2,-5.604898954204046
138,22,2024-07-09,"Mankato, Minnesota",Colt Cadets,1,12.1,12.5,24.6,12.6,12.2,12.3,18.55,12.3,12.5,11.1,17.95,61.1,0,61.1,44.1634663,-93.9993505,,,,,,,13,2,1,-11.15489895420405
139,22,2024-07-09,"Mankato, Minnesota",Govenaires,1,13.6,14.6,28.2,13.7,13.6,13.8,20.55,13.5,13.6,13.5,20.3,69.05,0,69.05,44.1634663,-93.9993505,,,,,,,13,1,1,-3.2048989542040545
140,23,2024-07-09,"Newnan, Georgia",Boston Crusaders,3,17.0,17.0,34.0,16.9,16.7,17.1,25.35,16.5,17.6,17.0,25.5,84.9,0,84.9,33.3806716,-84.7996573,,,,,,,13,1,4,12.645101045795954
141,23,2024-07-09,"Newnan, Georgia",Crossmen,2,15.4,15.5,30.9,15.0,15.0,14.7,22.35,14.7,14.7,16.1,22.75,76.0,0,76.0,33.3806716,-84.7996573,,,,,,,13,2,3,3.7451010457959484
142,23,2024-07-09,"Newnan, Georgia",Spirit of Atlanta,4,14.6,14.4,29.0,14.5,14.4,14.3,21.6,14.6,13.2,15.4,21.6,72.2,0,72.2,33.3806716,-84.7996573,,,,,,,13,3,2,-0.05489895420404878
143,23,2024-07-09,"Newnan, Georgia",Music City,1,14.2,14.2,28.4,14.7,14.1,13.9,21.35,13.8,13.7,15.5,21.5,71.25,0,71.25,33.3806716,-84.7996573,,,,,,,13,4,1,-1.0048989542040516
144,23,2024-07-09,"Newnan, Georgia",Spartans,1,13.9,13.9,27.8,13.7,13.1,13.2,20.0,13.0,14.2,14.5,20.85,68.65,0,68.65,33.3806716,-84.7996573,,,,,,,13,1,1,-3.604898954204046
145,23,2024-07-09,"Newnan, Georgia",Atlanta CV,1,15.5,15.0,30.5,15.8,15.3,15.2,23.15,16.2,15.4,14.4,23.0,76.65,0,76.65,33.3806716,-84.7996573,,,,,,,13,1,1,4.395101045795954
146,24,2024-07-10,"Ogden, Utah",Blue Devils,7,16.6,17.1,33.7,16.5,16.3,16.5,24.65,17.1,17.0,17.2,25.65,84.0,0,84.0,41.2230048,-111.9738429,,,,,,,14,1,8,11.118213352654791
147,24,2024-07-10,"Ogden, Utah",Mandarins,6,15.8,16.2,32.0,16.0,15.7,15.8,23.75,16.2,16.3,15.8,24.15,79.9,0,79.9,41.2230048,-111.9738429,,,,,,,14,2,7,7.018213352654797
148,24,2024-07-10,"Ogden, Utah",Santa Clara Vanguard,1,15.9,16.0,31.9,15.8,15.6,15.5,23.45,15.9,16.1,16.6,24.3,79.65,0,79.65,41.2230048,-111.9738429,,,,,,,14,3,6,6.768213352654797
149,24,2024-07-10,"Ogden, Utah",Troopers,5,15.3,15.2,30.5,15.2,14.8,14.6,22.3,15.8,15.6,16.3,23.85,76.65,0,76.65,41.2230048,-111.9738429,,,,,,,14,4,5,3.768213352654797
150,24,2024-07-10,"Ogden, Utah",Blue Knights,8,14.9,15.0,29.9,15.0,15.0,14.2,22.1,14.6,15.3,15.5,22.7,74.7,0,74.7,41.2230048,-111.9738429,,,,,,,14,5,4,1.8182133526547943
151,24,2024-07-10,"Ogden, Utah",Pacific Crest,4,13.8,14.8,28.6,14.3,13.6,14.5,21.2,14.1,14.5,15.1,21.85,71.65,0,71.65,41.2230048,-111.9738429,,,,,,,14,6,3,-1.2317866473452028
152,24,2024-07-10,"Ogden, Utah",The Academy,3,14.0,14.6,28.6,14.5,13.5,12.8,20.4,14.2,14.2,15.0,21.7,70.7,0,70.7,41.2230048,-111.9738429,,,,,,,14,7,2,-2.1817866473452057
153,24,2024-07-10,"Ogden, Utah",Seattle Cascades,2,12.6,12.9,25.5,13.7,12.5,11.7,18.95,12.9,13.2,12.8,19.45,63.9,0,63.9,41.2230048,-111.9738429,,,,,,,14,8,1,-8.98178664734521
154,24,2024-07-10,"Ogden, Utah",The Battalion,1,11.8,12.0,23.8,12.9,12.0,11.6,18.25,12.8,12.5,12.1,18.7,60.75,0,60.75,41.2230048,-111.9738429,,,,,,,14,1,1,-12.131786647345209
155,25,2024-07-11,"Dubuque, Iowa",Phantom Regiment,3,16.4,16.6,33.0,16.5,16.7,16.8,25.0,16.6,16.4,16.8,24.9,82.9,0,82.9,42.5006243,-90.6647985,,,,,,,15,1,4,9.39132565951364
156,25,2024-07-11,"Dubuque, Iowa",The Cavaliers,2,15.4,15.8,31.2,15.4,15.9,15.4,23.35,15.8,15.3,16.0,23.55,78.1,0,78.1,42.5006243,-90.6647985,,,,,,,15,2,3,4.591325659513629
157,25,2024-07-11,"Dubuque, Iowa",Colts,4,15.6,15.3,30.9,15.5,16.0,15.3,23.4,15.5,15.7,16.4,23.8,78.1,0,78.1,42.5006243,-90.6647985,,,,,,,15,2,3,4.591325659513629
158,25,2024-07-11,"Dubuque, Iowa",Blue Stars,1,15.1,15.5,30.6,16.1,15.6,15.5,23.6,16.2,15.4,16.1,23.85,78.05,0,78.05,42.5006243,-90.6647985,,,,,,,15,4,1,4.541325659513632
159,25,2024-07-11,"Dubuque, Iowa",River City Rhythm,1,12.7,14.3,27.0,13.1,13.8,13.3,20.1,12.4,12.7,12.8,18.95,66.05,0,66.05,42.5006243,-90.6647985,,,,,,,15,1,2,-7.458674340486368
160,25,2024-07-11,"Dubuque, Iowa",Colt Cadets,2,11.9,12.5,24.4,12.5,12.3,12.5,18.65,12.0,12.1,11.9,18.0,61.05,0,61.05,42.5006243,-90.6647985,,,,,,,15,2,1,-12.458674340486368
161,26,2024-07-11,"Muscle Shoals, Alabama",Boston Crusaders,4,17.3,17.4,34.7,16.8,17.1,17.4,25.65,17.0,17.5,16.9,25.7,86.05,0,86.05,34.7436791,-87.6532615,,,,,,,15,1,4,12.541325659513632
162,26,2024-07-11,"Muscle Shoals, Alabama",Crossmen,2,15.6,15.7,31.3,14.9,15.4,15.0,22.65,14.7,15.5,15.3,22.75,76.7,0,76.7,34.7436791,-87.6532615,,,,,,,15,2,3,3.1913256595136374
163,26,2024-07-11,"Muscle Shoals, Alabama",Spirit of Atlanta,3,14.8,14.3,29.1,14.0,14.5,14.6,21.55,14.9,14.8,14.5,22.1,72.75,0,72.75,34.7436791,-87.6532615,,,,,,,15,3,2,-0.7586743404863654
164,26,2024-07-11,"Muscle Shoals, Alabama",Music City,1,14.6,14.6,29.2,14.4,14.4,14.3,21.55,14.3,14.5,14.3,21.55,72.3,0,72.3,34.7436791,-87.6532615,,,,,,,15,4,1,-1.2086743404863682
165,26,2024-07-11,"Muscle Shoals, Alabama",Spartans,1,14.2,13.8,28.0,13.7,13.6,13.8,20.55,13.3,14.1,13.2,20.3,68.85,0,68.85,34.7436791,-87.6532615,,,,,,,15,1,1,-4.658674340486371
166,27,2024-07-12,"Cheyenne, Wyoming",Troopers,5,15.5,15.6,31.1,15.5,15.6,14.8,22.95,16.4,15.9,16.4,24.35,78.4,0,78.4,41.139981,-104.820246,,,,,,,16,1,5,4.264437966372483
167,27,2024-07-12,"Cheyenne, Wyoming",Pacific Crest,3,14.4,14.9,29.3,14.6,15.0,15.2,22.4,15.5,14.8,15.2,22.75,74.45,0,74.45,41.139981,-104.820246,,,,,,,16,2,4,0.31443796637248056
168,27,2024-07-12,"Cheyenne, Wyoming",The Academy,4,14.1,14.5,28.6,14.4,14.6,13.5,21.25,13.3,15.1,15.0,21.7,71.55,0,71.55,41.139981,-104.820246,,,,,,,16,3,3,-2.585562033627525
169,27,2024-07-12,"Cheyenne, Wyoming",Genesis,2,13.4,12.9,26.3,13.7,14.3,14.3,21.15,13.4,13.5,14.1,20.5,67.95,0,67.95,41.139981,-104.820246,,,,,,,16,4,2,-6.185562033627519
170,27,2024-07-12,"Cheyenne, Wyoming",Seattle Cascades,1,12.8,12.7,25.5,12.7,12.6,12.6,18.95,12.6,13.2,13.7,19.75,64.2,0,64.2,41.139981,-104.820246,,,,,,,16,5,1,-9.93556203362752
171,27,2024-07-12,"Cheyenne, Wyoming",The Battalion,1,12.4,12.1,24.5,12.5,13.0,12.3,18.9,12.9,12.8,12.9,19.3,62.7,0,62.7,41.139981,-104.820246,,,,,,,16,1,1,-11.43556203362752
172,28,2024-07-12,"Riverside, California",Blue Devils B,4,14.4,14.4,28.8,14.7,14.0,14.4,21.55,14.4,14.0,14.3,21.35,71.7,0,71.7,33.7219991,-116.0372472,,,,,,,16,1,5,-2.4355620336275194
173,28,2024-07-12,"Riverside, California",Gold,5,14.0,13.4,27.4,14.1,13.4,13.6,20.55,13.1,13.5,14.0,20.3,68.25,0,68.25,33.7219991,-116.0372472,,,,,,,16,2,4,-5.885562033627522
174,28,2024-07-12,"Riverside, California",Impulse,2,13.3,12.3,25.6,12.5,12.1,12.6,18.6,12.3,12.1,12.3,18.35,62.55,0,62.55,33.7219991,-116.0372472,,,,,,,16,3,3,-11.585562033627525
175,28,2024-07-12,"Riverside, California",Golden Empire,1,12.3,11.6,23.9,12.3,12.4,11.6,18.15,11.7,12.3,12.0,18.0,60.05,0,60.05,33.7219991,-116.0372472,,,,,,,16,4,2,-14.085562033627525
176,28,2024-07-12,"Riverside, California",Vessel,3,12.0,12.4,24.4,11.7,11.6,11.2,17.25,11.9,11.9,12.7,18.25,59.9,0,59.9,33.7219991,-116.0372472,,,,,,,16,5,1,-14.235562033627524
177,29,2024-07-13,"Clifton, New Jersey",Jersey Surf,1,13.4,12.8,26.2,12.9,12.4,12.8,19.05,12.3,12.3,12.5,18.55,63.85,0,63.85,40.8584328,-74.1637553,,,,,,,17,1,1,-10.912449726768678
178,29,2024-07-13,"Clifton, New Jersey",Reading Buccaneers,3,17.5,17.3,34.8,16.4,17.5,17.2,25.55,16.7,17.4,16.9,25.5,85.85,0,85.85,40.8584328,-74.1637553,,,,,,,17,1,4,11.087550273231315
179,29,2024-07-13,"Clifton, New Jersey",Bushwackers Drum Corps,1,17.1,17.0,34.1,16.0,17.1,17.1,25.1,15.7,16.8,17.1,24.8,84.0,0,84.0,40.8584328,-74.1637553,,,,,,,17,2,3,9.23755027323132
180,29,2024-07-13,"Clifton, New Jersey",Hawthorne Caballeros,4,16.4,16.6,33.0,15.7,16.6,16.0,24.15,16.0,16.9,16.7,24.8,81.95,0,81.95,40.8584328,-74.1637553,,,,,,,17,3,2,7.187550273231324
181,29,2024-07-13,"Clifton, New Jersey",Hurricanes,2,16.0,15.5,31.5,15.3,15.7,16.1,23.55,14.1,15.7,15.6,22.7,77.75,0,77.75,40.8584328,-74.1637553,,,,,,,17,4,1,2.987550273231321
182,29,2024-07-13,"Clifton, New Jersey",Fusion Core,1,15.3,15.2,30.5,12.8,15.0,15.3,21.55,13.9,15.0,14.3,21.6,73.65,0,73.65,40.8584328,-74.1637553,,,,,,,17,1,1,-1.1124497267686735
183,29,2024-07-13,"Clifton, New Jersey",Sunrisers,1,14.8,14.7,29.5,13.2,14.4,14.2,20.9,13.1,13.2,13.0,19.65,70.05,0,70.05,40.8584328,-74.1637553,,,,,,,17,1,1,-4.712449726768682
184,30,2024-07-13,"Fort Collins, Colorado",Blue Devils,8,17.0,17.3,34.3,17.3,16.8,17.3,25.7,17.1,17.1,16.9,25.55,85.55,0,85.55,40.5871782,-105.0770113,,,,,,,17,1,9,10.787550273231318
185,30,2024-07-13,"Fort Collins, Colorado",Santa Clara Vanguard,1,16.5,16.3,32.8,16.5,16.1,16.2,24.4,16.5,16.0,17.1,24.8,82.0,0,82.0,40.5871782,-105.0770113,,,,,,,17,2,8,7.237550273231321
186,30,2024-07-13,"Fort Collins, Colorado",Mandarins,7,16.2,16.6,32.8,16.4,16.2,16.4,24.5,16.1,16.6,16.1,24.4,81.7,0,81.7,40.5871782,-105.0770113,,,,,,,17,3,7,6.937550273231324
187,30,2024-07-13,"Fort Collins, Colorado",Troopers,6,15.5,15.4,30.9,15.4,15.3,14.9,22.8,16.2,15.9,16.0,24.05,77.75,0,77.75,40.5871782,-105.0770113,,,,,,,17,4,6,2.987550273231321
188,30,2024-07-13,"Fort Collins, Colorado",Blue Knights,9,14.5,15.8,30.3,15.2,15.2,15.1,22.75,14.4,15.3,14.5,22.1,75.15,0,75.15,40.5871782,-105.0770113,,,,,,,17,5,5,0.3875502732313265
189,30,2024-07-13,"Fort Collins, Colorado",Pacific Crest,5,15.0,14.7,29.7,14.4,14.7,14.8,21.95,15.0,15.0,14.8,22.4,74.05,0,74.05,40.5871782,-105.0770113,,,,,,,17,6,4,-0.712449726768682
190,30,2024-07-13,"Fort Collins, Colorado",The Academy,4,14.6,14.9,29.5,14.7,14.3,14.1,21.55,13.8,14.8,14.0,21.3,72.35,0,72.35,40.5871782,-105.0770113,,,,,,,17,7,3,-2.412449726768685
191,30,2024-07-13,"Fort Collins, Colorado",Genesis,3,13.5,13.2,26.7,13.5,14.4,13.8,20.85,12.5,14.4,13.9,20.4,67.95,0,67.95,40.5871782,-105.0770113,,,,,,,17,8,2,-6.812449726768676
192,30,2024-07-13,"Fort Collins, Colorado",Seattle Cascades,2,12.7,12.9,25.6,12.9,12.6,12.8,19.15,12.7,13.8,13.0,19.75,64.5,0,64.5,40.5871782,-105.0770113,,,,,,,17,9,1,-10.26244972676868
193,30,2024-07-13,"Fort Collins, Colorado",The Battalion,1,12.6,12.3,24.9,12.2,12.8,12.5,18.75,13.2,12.2,11.4,18.4,62.05,0,62.05,40.5871782,-105.0770113,,,,,,,17,1,1,-12.712449726768682
194,31,2024-07-13,"DeKalb, Illinois",Bluecoats,5,17.3,17.2,34.5,17.4,17.2,17.7,26.15,17.8,17.5,17.5,26.4,87.05,0,87.05,41.8903447,-88.7713953,,,,,,,17,1,6,12.287550273231318
195,31,2024-07-13,"DeKalb, Illinois",Phantom Regiment,6,16.8,17.0,33.8,16.9,16.9,16.8,25.3,17.3,16.8,17.2,25.65,84.75,0,84.75,41.8903447,-88.7713953,,,,,,,17,2,5,9.98755027323132
196,31,2024-07-13,"DeKalb, Illinois",The Cavaliers,3,16.0,15.7,31.7,15.9,15.8,16.2,23.95,16.0,15.9,16.0,23.95,79.6,0,79.6,41.8903447,-88.7713953,,,,,,,17,3,4,4.837550273231315
197,31,2024-07-13,"DeKalb, Illinois",Blue Stars,2,15.2,15.3,30.5,16.1,15.5,16.3,23.95,16.5,15.7,16.7,24.45,78.9,0,78.9,41.8903447,-88.7713953,,,,,,,17,4,3,4.1375502732313265
198,31,2024-07-13,"DeKalb, Illinois",Colts,4,15.1,15.5,30.6,16.0,15.9,16.1,24.0,16.2,16.0,16.3,24.25,78.85,0,78.85,41.8903447,-88.7713953,,,,,,,17,5,2,4.087550273231315
199,31,2024-07-13,"DeKalb, Illinois",Madison Scouts,1,14.6,15.0,29.6,15.3,14.8,15.5,22.8,15.3,15.4,14.0,22.35,74.75,0,74.75,41.8903447,-88.7713953,,,,,,,17,6,1,-0.01244972676867917
200,31,2024-07-13,"DeKalb, Illinois",Spartans,1,14.0,13.9,27.9,13.8,13.9,14.2,20.95,13.8,13.8,13.0,20.3,69.15,0,69.15,41.8903447,-88.7713953,,,,,,,17,1,1,-5.6124497267686735
201,32,2024-07-13,"Little Rock, Arkansas",Boston Crusaders,4,17.3,17.0,34.3,17.4,17.1,17.5,26.0,17.2,16.8,17.7,25.85,86.15,0,86.15,34.7465071,-92.2896267,,,,,,,17,1,5,11.387550273231327
202,32,2024-07-13,"Little Rock, Arkansas",Carolina Crown,5,17.2,16.6,33.8,17.1,17.2,17.0,25.65,17.5,17.1,17.0,25.8,85.25,0,85.25,34.7465071,-92.2896267,,,,,,,17,2,4,10.48755027323132
203,32,2024-07-13,"Little Rock, Arkansas",Crossmen,2,15.9,15.2,31.1,15.3,15.5,15.1,22.95,14.6,15.2,16.5,23.15,77.2,0,77.2,34.7465071,-92.2896267,,,,,,,17,3,3,2.4375502732313237
204,32,2024-07-13,"Little Rock, Arkansas",Spirit of Atlanta,3,15.1,15.0,30.1,15.0,14.9,14.6,22.25,15.0,14.8,16.0,22.9,75.25,0,75.25,34.7465071,-92.2896267,,,,,,,17,4,2,0.48755027323132083
205,32,2024-07-13,"Little Rock, Arkansas",Music City,1,14.9,14.3,29.2,14.5,14.5,14.3,21.65,14.5,14.5,15.5,22.25,73.1,0,73.1,34.7465071,-92.2896267,,,,,,,17,5,1,-1.6624497267686849
206,33,2024-07-13,"Vista, California",Blue Devils B,5,14.8,14.6,29.4,14.9,14.5,14.1,21.75,14.2,14.4,15.0,21.8,72.95,0,72.95,33.2021284,-117.2424787,,,,,,,17,1,5,-1.8124497267686763
207,33,2024-07-13,"Vista, California",Gold,4,14.3,13.9,28.2,14.8,14.0,13.8,21.3,13.6,14.0,14.2,20.9,70.4,0,70.4,33.2021284,-117.2424787,,,,,,,17,2,4,-4.3624497267686735
208,33,2024-07-13,"Vista, California",Impulse,3,13.6,13.3,26.9,12.8,13.0,13.6,19.7,12.6,12.0,12.5,18.55,65.15,0,65.15,33.2021284,-117.2424787,,,,,,,17,3,3,-9.612449726768673
209,33,2024-07-13,"Vista, California",Golden Empire,2,12.7,12.5,25.2,12.6,12.4,12.1,18.55,12.0,12.6,12.8,18.7,62.45,0,62.45,33.2021284,-117.2424787,,,,,,,17,4,2,-12.312449726768676
210,33,2024-07-13,"Vista, California",Vessel,1,12.1,12.0,24.1,12.0,11.9,11.9,17.9,12.1,12.2,12.1,18.2,60.2,0,60.2,33.2021284,-117.2424787,,,,,,,17,5,1,-14.562449726768676
211,34,2024-07-14,"Ankeny, Iowa",Bluecoats,2,17.7,17.6,35.3,17.6,17.7,17.8,26.55,17.1,18.0,17.9,26.5,88.35,0,88.35,41.7320796,-93.605092,,,,,,,18,1,3,12.960662580090158
212,34,2024-07-14,"Ankeny, Iowa",Blue Stars,1,16.0,15.9,31.9,16.2,16.2,16.5,24.45,16.1,16.2,17.3,24.8,81.15,0,81.15,41.7320796,-93.605092,,,,,,,18,2,2,5.76066258009017
213,34,2024-07-14,"Ankeny, Iowa",Colts,3,15.7,15.6,31.3,15.7,15.9,16.2,23.9,15.8,16.5,16.9,24.6,79.8,0,79.8,41.7320796,-93.605092,,,,,,,18,3,1,4.410662580090161
214,34,2024-07-14,"Ankeny, Iowa",River City Rhythm,1,13.0,13.2,26.2,14.9,13.3,13.3,20.75,12.2,13.4,14.6,20.1,67.05,0,67.05,41.7320796,-93.605092,,,,,,,18,1,2,-8.339337419909839
215,34,2024-07-14,"Ankeny, Iowa",Colt Cadets,2,12.4,12.7,25.1,14.5,12.8,12.7,20.0,11.7,13.0,14.1,19.4,64.5,0,64.5,41.7320796,-93.605092,,,,,,,18,2,1,-10.889337419909836
216,34,2024-07-14,"Ankeny, Iowa",Govenaires,1,14.1,14.8,28.9,14.4,14.2,14.1,21.35,13.3,14.2,13.6,20.55,70.8,0,70.8,41.7320796,-93.605092,,,,,,,18,1,1,-4.589337419909839
217,35,2024-07-14,"Cerritos, California",Blue Devils B,5,14.9,14.7,29.6,15.5,14.7,14.4,22.3,14.5,14.7,14.4,21.8,73.7,0,73.7,33.8644291,-118.0539323,,,,,,,18,1,5,-1.6893374199098332
218,35,2024-07-14,"Cerritos, California",Gold,4,14.5,14.1,28.6,15.0,14.1,14.2,21.65,14.1,14.2,13.7,21.0,71.25,0,71.25,33.8644291,-118.0539323,,,,,,,18,2,4,-4.139337419909836
219,35,2024-07-14,"Cerritos, California",Impulse,3,13.4,13.1,26.5,12.9,13.1,14.1,20.05,12.8,12.9,12.7,19.2,65.75,0,65.75,33.8644291,-118.0539323,,,,,,,18,3,3,-9.639337419909836
220,35,2024-07-14,"Cerritos, California",Golden Empire,2,12.8,12.7,25.5,12.8,12.6,12.1,18.75,12.2,12.8,13.2,19.1,63.35,0,63.35,33.8644291,-118.0539323,,,,,,,18,4,2,-12.039337419909835
221,35,2024-07-14,"Cerritos, California",Vessel,1,12.2,12.2,24.4,12.3,12.1,11.6,18.0,12.4,12.2,12.2,18.4,60.8,0,60.8,33.8644291,-118.0539323,,,,,,,18,5,1,-14.589337419909839
222,36,2024-07-15,"Canyon, Texas",Santa Clara Vanguard,1,16.8,16.6,33.4,16.3,16.6,16.5,24.7,16.6,16.4,17.3,25.15,83.25,0,83.25,34.9799429,-101.919197,,,,,,,19,1,6,7.233774886948993
223,36,2024-07-15,"Canyon, Texas",Pacific Crest,5,15.3,15.2,30.5,14.8,15.0,15.1,22.45,14.8,15.0,15.5,22.65,75.6,0,75.6,34.9799429,-101.919197,,,,,,,19,2,5,-0.41622511305101284
224,36,2024-07-15,"Canyon, Texas",Blue Knights,6,14.9,15.4,30.3,15.2,15.3,14.8,22.65,14.6,15.3,14.6,22.25,75.2,0,75.2,34.9799429,-101.919197,,,,,,,19,3,4,-0.8162251130510043
225,36,2024-07-15,"Canyon, Texas",The Academy,4,14.6,14.5,29.1,14.5,14.7,14.7,21.95,13.8,14.8,15.0,21.8,72.85,0,72.85,34.9799429,-101.919197,,,,,,,19,4,3,-3.166225113051013
226,36,2024-07-15,"Canyon, Texas",Genesis,2,13.3,13.7,27.0,12.9,14.3,14.4,20.8,12.7,14.3,13.8,20.4,68.2,0,68.2,34.9799429,-101.919197,,,,,,,19,5,2,-7.816225113051004
227,36,2024-07-15,"Canyon, Texas",Seattle Cascades,3,12.5,13.1,25.6,12.6,12.8,12.9,19.15,13.0,13.7,13.0,19.85,64.6,0,64.6,34.9799429,-101.919197,,,,,,,19,6,1,-11.416225113051013
228,37,2024-07-15,"Olathe, Kansas",Phantom Regiment,3,17.2,17.1,34.3,17.2,17.1,17.0,25.65,17.0,16.9,16.9,25.4,85.35,0,85.35,38.8838856,-94.81887,,,,,,,19,1,4,9.333774886948987
229,37,2024-07-15,"Olathe, Kansas",Colts,4,15.9,16.1,32.0,15.8,16.0,16.2,24.0,16.1,15.6,16.5,24.1,80.1,0,80.1,38.8838856,-94.81887,,,,,,,19,2,3,4.083774886948987
230,37,2024-07-15,"Olathe, Kansas",Troopers,2,15.6,15.7,31.3,16.3,15.5,15.3,23.55,16.4,15.9,16.2,24.25,79.1,0,79.1,38.8838856,-94.81887,,,,,,,19,3,2,3.083774886948987
231,37,2024-07-15,"Olathe, Kansas",Madison Scouts,1,15.1,14.0,30.0,15.5,15.3,15.6,23.2,15.6,15.1,15.6,23.15,76.35,0,76.35,38.8838856,-94.81887,,,,,,,19,4,1,0.33377488694898716
232,37,2024-07-15,"Olathe, Kansas",Colt Cadets,1,12.7,13.0,25.7,12.9,12.8,12.8,19.25,12.4,12.6,12.6,18.8,63.75,0,63.75,38.8838856,-94.81887,,,,,,,19,1,1,-12.266225113051007
233,38,2024-07-16,"Abilene, Texas",Blue Knights,6,16.1,15.6,31.7,15.5,15.8,15.1,23.2,15.0,15.1,15.5,22.8,77.7,0,77.7,32.44645,-99.7475905,,,,,,,20,1,6,1.0568871938078388
234,38,2024-07-16,"Abilene, Texas",Crossmen,4,15.8,15.0,30.8,15.7,15.5,15.4,23.3,15.8,15.4,15.8,23.5,77.6,0,77.6,32.44645,-99.7475905,,,,,,,20,2,5,0.9568871938078303
235,38,2024-07-16,"Abilene, Texas",Pacific Crest,5,15.7,15.4,31.1,15.2,15.2,15.6,23.0,15.2,15.3,16.2,23.35,77.45,0,77.45,32.44645,-99.7475905,,,,,,,20,3,4,0.8068871938078388
236,38,2024-07-16,"Abilene, Texas",Music City,3,15.0,14.4,29.4,14.8,14.6,14.6,22.0,14.6,14.7,14.9,22.1,73.5,0,73.5,32.44645,-99.7475905,,,,,,,20,4,3,-3.143112806192164
237,38,2024-07-16,"Abilene, Texas",Genesis,2,14.0,13.8,27.8,13.4,13.8,13.9,20.55,14.1,13.6,14.3,21.0,69.35,0,69.35,32.44645,-99.7475905,,,,,,,20,5,2,-7.29311280619217
238,38,2024-07-16,"Abilene, Texas",Seattle Cascades,1,13.2,13.4,26.6,13.0,12.9,12.9,19.4,12.9,13.1,13.7,19.85,65.85,0,65.85,32.44645,-99.7475905,,,,,,,20,6,1,-10.79311280619217
239,38,2024-07-16,"Abilene, Texas",Guardians,1,11.7,12.3,24.0,12.7,11.8,11.6,18.05,12.1,12.2,13.1,18.7,60.75,0,60.75,32.44645,-99.7475905,,,,,,,20,1,1,-15.893112806192164
240,39,2024-07-16,"Broken Arrow, Oklahoma",Bluecoats,6,18.0,17.9,35.9,17.9,18.3,17.1,26.65,18.1,17.8,17.3,26.6,89.15,0,89.15,36.0525993,-95.7908195,,,,,,,20,1,7,12.506887193807842
241,39,2024-07-16,"Broken Arrow, Oklahoma",Blue Devils,5,17.8,17.5,35.3,17.8,18.1,17.5,26.7,17.7,17.4,17.4,26.25,88.25,0,88.25,36.0525993,-95.7908195,,,,,,,20,2,6,11.606887193807836
242,39,2024-07-16,"Broken Arrow, Oklahoma",Boston Crusaders,3,17.7,17.7,35.4,17.7,17.7,17.6,26.5,17.9,17.1,17.7,26.35,88.25,0,88.25,36.0525993,-95.7908195,,,,,,,20,2,6,11.606887193807836
243,39,2024-07-16,"Broken Arrow, Oklahoma",Carolina Crown,7,17.3,17.2,34.5,17.4,17.6,17.4,26.2,17.4,17.5,17.2,26.05,86.75,0,86.75,36.0525993,-95.7908195,,,,,,,20,4,4,10.106887193807836
244,39,2024-07-16,"Broken Arrow, Oklahoma",Phantom Regiment,2,17.1,16.8,33.9,16.8,17.3,16.6,25.35,16.8,16.9,16.9,25.3,84.55,0,84.55,36.0525993,-95.7908195,,,,,,,20,5,3,7.906887193807833
245,39,2024-07-16,"Broken Arrow, Oklahoma",Mandarins,4,16.7,16.5,33.2,16.5,16.3,16.5,24.65,16.6,16.4,16.3,24.65,82.5,0,82.5,36.0525993,-95.7908195,,,,,,,20,6,2,5.856887193807836
246,39,2024-07-16,"Broken Arrow, Oklahoma",The Cavaliers,1,16.1,16.2,32.3,16.1,16.4,16.0,24.25,16.2,16.1,16.5,24.4,80.95,0,80.95,36.0525993,-95.7908195,,,,,,,20,7,1,4.306887193807839
247,40,2024-07-18,"Denton, Texas",Bluecoats,7,18.1,18.5,36.6,17.8,17.8,17.7,26.65,18.3,18.0,18.2,27.25,90.5,0,90.5,33.1838787,-97.1413417,,,,,,,22,1,8,12.603111807525522
248,40,2024-07-18,"Denton, Texas",Boston Crusaders,6,17.8,18.3,36.1,17.5,17.3,18.1,26.45,17.9,17.8,18.5,27.1,89.65,0,89.65,33.1838787,-97.1413417,,,,,,,22,2,7,11.753111807525528
249,40,2024-07-18,"Denton, Texas",Carolina Crown,8,17.3,18.0,35.3,17.2,17.2,17.6,26.0,18.0,17.9,17.45,26.675,87.975,0,87.975,33.1838787,-97.1413417,,,,,,,22,3,6,10.078111807525516
250,40,2024-07-18,"Denton, Texas",Phantom Regiment,5,17.4,17.7,35.1,17.1,17.4,17.0,25.75,17.3,16.8,17.4,25.75,86.6,0,86.6,33.1838787,-97.1413417,,,,,,,22,4,5,8.703111807525516
251,40,2024-07-18,"Denton, Texas",Santa Clara Vanguard,1,16.7,17.0,33.7,16.6,16.5,16.5,24.8,16.9,16.9,17.8,25.8,84.3,0,84.3,33.1838787,-97.1413417,,,,,,,22,5,4,6.403111807525519
252,40,2024-07-18,"Denton, Texas",Crossmen,4,15.7,16.0,31.7,16.0,15.8,15.2,23.5,15.5,15.1,15.1,22.85,78.05,0,78.05,33.1838787,-97.1413417,,,,,,,22,6,3,0.15311180752551934
253,40,2024-07-18,"Denton, Texas",Pacific Crest,3,15.6,16.2,31.8,15.3,14.8,15.1,22.6,15.8,15.4,14.9,23.05,77.45,0,77.45,33.1838787,-97.1413417,,,,,,,22,7,2,-0.446888192474475
254,40,2024-07-18,"Denton, Texas",Music City,2,14.8,15.5,30.3,14.9,14.9,14.6,22.2,15.1,15.0,14.8,22.45,74.95,0,74.95,33.1838787,-97.1413417,,,,,,,22,8,1,-2.946888192474475
255,41,2024-07-18,"Waco, Texas",The Cavaliers,8,16.6,16.1,32.7,16.4,16.3,16.3,24.5,16.7,17.4,16.7,25.4,82.6,0,82.6,31.5491899,-97.1474628,,,,,,,22,1,8,4.7031118075255165
256,41,2024-07-18,"Waco, Texas",Madison Scouts,5,16.3,15.4,31.7,15.8,16.6,16.2,24.3,16.3,16.1,15.1,23.75,79.75,0,79.75,31.5491899,-97.1474628,,,,,,,22,2,7,1.8531118075255222
257,41,2024-07-18,"Waco, Texas",Blue Knights,7,15.8,15.8,31.6,16.0,16.0,15.3,23.65,16.0,16.0,15.5,23.75,79.0,0,79.0,31.5491899,-97.1474628,,,,,,,22,3,6,1.1031118075255222
258,41,2024-07-18,"Waco, Texas",Spirit of Atlanta,6,16.0,14.7,30.7,15.3,15.8,15.4,23.25,15.7,15.8,15.4,23.45,77.4,0,77.4,31.5491899,-97.1474628,,,,,,,22,4,5,-0.49688819247447213
259,41,2024-07-18,"Waco, Texas",The Academy,4,15.2,14.6,29.8,14.9,15.1,15.1,22.55,14.4,15.4,14.5,22.15,74.5,0,74.5,31.5491899,-97.1474628,,,,,,,22,5,4,-3.396888192474478
260,41,2024-07-18,"Waco, Texas",Genesis,3,14.1,14.5,28.6,13.8,14.1,14.2,21.05,14.6,14.2,12.5,20.65,70.3,0,70.3,31.5491899,-97.1474628,,,,,,,22,6,3,-7.596888192474481
261,41,2024-07-18,"Waco, Texas",Seattle Cascades,2,13.6,14.2,27.8,13.2,13.2,13.2,19.8,13.6,13.4,12.8,19.9,67.5,0,67.5,31.5491899,-97.1474628,,,,,,,22,7,2,-10.396888192474478
262,41,2024-07-18,"Waco, Texas",Jersey Surf,1,13.3,13.5,26.8,12.9,13.4,14.0,20.15,13.1,12.7,11.1,18.45,65.4,0,65.4,31.5491899,-97.1474628,,,,,,,22,8,1,-12.496888192474472
263,42,2024-07-19,"Bellbrook, Ohio",Spartans,3,14.7,14.4,29.1,15.0,15.2,14.9,22.55,14.8,14.8,14.8,22.2,73.85,0,73.85,39.6358399,-84.0701766,,,,,,,23,1,3,-4.67377588561564
264,42,2024-07-19,"Bellbrook, Ohio",The Battalion,2,13.5,13.8,27.3,14.4,14.8,14.0,21.6,14.1,14.1,14.1,21.15,70.05,0,70.05,39.6358399,-84.0701766,,,,,,,23,2,2,-8.473775885615638
265,42,2024-07-19,"Bellbrook, Ohio",River City Rhythm,1,13.9,13.2,27.1,14.3,13.9,14.2,21.2,14.5,14.5,14.5,21.75,70.05,0,70.05,39.6358399,-84.0701766,,,,,,,23,2,2,-8.473775885615638
266,42,2024-07-19,"Bellbrook, Ohio",Cincinnati Tradition,1,16.4,16.7,33.1,16.6,16.9,16.5,25.0,16.5,16.5,16.5,24.75,82.85,0,82.85,39.6358399,-84.0701766,,,,,,,23,1,1,4.32622411438436
267,42,2024-07-19,"Bellbrook, Ohio",Columbus Saints,1,12.8,13.5,26.3,14.9,14.4,14.4,21.65,14.1,14.1,14.1,21.15,69.1,0,69.1,39.6358399,-84.0701766,,,,,,,23,1,1,-9.42377588561564
268,43,2024-07-19,"Prairie View, Texas",Bluecoats,5,18.4,18.7,37.1,18.3,18.6,17.9,27.4,18.6,18.2,18.4,27.6,92.1,0,92.1,30.0857916,-95.9907058,,,,,,,23,1,7,13.57622411438436
269,43,2024-07-19,"Prairie View, Texas",Blue Devils,7,18.2,18.4,36.6,18.0,18.3,18.3,27.3,18.2,18.0,18.3,27.25,91.15,0,91.15,30.0857916,-95.9907058,,,,,,,23,2,6,12.626224114384371
270,43,2024-07-19,"Prairie View, Texas",Carolina Crown,6,17.9,18.1,36.0,17.6,17.9,18.0,26.75,18.3,18.1,17.7,27.05,89.8,0,89.8,30.0857916,-95.9907058,,,,,,,23,3,5,11.276224114384362
271,43,2024-07-19,"Prairie View, Texas",Mandarins,4,17.5,17.7,35.2,17.1,17.1,17.1,25.65,17.2,17.5,16.4,25.55,86.4,0,86.4,30.0857916,-95.9907058,,,,,,,23,4,4,7.876224114384371
272,43,2024-07-19,"Prairie View, Texas",The Cavaliers,3,16.8,16.9,33.7,16.5,16.9,16.5,24.95,16.6,17.0,17.1,25.35,84.0,0,84.0,30.0857916,-95.9907058,,,,,,,23,5,3,5.476224114384365
273,43,2024-07-19,"Prairie View, Texas",Blue Stars,1,17.0,16.5,33.5,16.8,16.7,17.0,25.25,16.7,16.6,16.0,24.65,83.4,0,83.4,30.0857916,-95.9907058,,,,,,,23,6,2,4.876224114384371
274,43,2024-07-19,"Prairie View, Texas",Colts,2,16.5,16.2,32.7,15.9,16.4,16.6,24.45,16.5,16.5,16.6,24.8,81.95,0,81.95,30.0857916,-95.9907058,,,,,,,23,7,1,3.426224114384368
275,43,2024-07-19,"Prairie View, Texas",Guardians,1,12.6,12.2,24.8,13.0,12.2,14.2,19.7,12.5,13.2,12.5,19.1,63.6,0,63.6,30.0857916,-95.9907058,,,,,,,23,1,1,-14.923775885615633
276,44,2024-07-20,"San Antonio, Texas",Bluecoats,21,18.45,18.8,37.25,18.6,18.5,18.1,27.6,18.6,18.95,18.8,28.175,93.025,0,93.025,29.4246002,-98.4951405,18.6,18.3,18.7,18.9,19.4,18.5,24,1,21,13.874336421243214
277,44,2024-07-20,"San Antonio, Texas",Blue Devils,20,18.1,18.525,36.625,18.4,18.0,18.2,27.3,18.7,18.65,18.55,27.95,91.875,0,91.875,29.4246002,-98.4951405,18.2,18.0,18.3,18.75,19.0,18.3,24,2,20,12.724336421243208
278,44,2024-07-20,"San Antonio, Texas",Boston Crusaders,19,18.1,18.475,36.575,17.9,18.1,18.6,27.3,18.3,18.65,19.0,27.975,91.85,0,91.85,29.4246002,-98.4951405,18.3,17.9,18.5,18.45,19.1,18.2,24,3,19,12.699336421243203
279,44,2024-07-20,"San Antonio, Texas",Carolina Crown,17,17.65,18.125,35.775,18.2,17.7,18.3,27.1,18.0,18.3,17.8,27.05,89.925,0,89.925,29.4246002,-98.4951405,17.9,17.4,18.0,18.25,18.5,18.1,24,4,18,10.774336421243206
280,44,2024-07-20,"San Antonio, Texas",Phantom Regiment,18,17.65,18.05,35.7,17.8,18.2,17.7,26.85,17.9,18.15,18.1,27.075,89.625,0,89.625,29.4246002,-98.4951405,17.8,17.5,17.9,18.2,18.6,17.7,24,5,17,10.474336421243208
281,44,2024-07-20,"San Antonio, Texas",Santa Clara Vanguard,16,17.35,17.625,34.975,17.4,17.1,17.4,25.95,17.1,17.6,18.5,26.6,87.525,0,87.525,29.4246002,-98.4951405,17.6,17.1,17.4,17.85,17.7,17.5,24,6,16,8.374336421243214
282,44,2024-07-20,"San Antonio, Texas",Mandarins,15,17.3,17.575,34.875,18.0,17.3,17.1,26.2,17.6,17.7,17.0,26.15,87.225,0,87.225,29.4246002,-98.4951405,17.4,17.2,17.5,17.65,18.1,17.3,24,7,15,8.074336421243203
283,44,2024-07-20,"San Antonio, Texas",Blue Stars,13,16.85,17.225,34.075,16.9,16.7,16.9,25.25,17.4,17.425,16.4,25.613,84.938,0,84.938,29.4246002,-98.4951405,17.0,16.7,17.0,17.45,18.0,16.85,24,8,14,5.787336421243211
284,44,2024-07-20,"San Antonio, Texas",The Cavaliers,14,16.55,17.05,33.6,17.1,17.0,16.4,25.25,16.8,17.25,17.6,25.825,84.675,0,84.675,29.4246002,-98.4951405,16.7,16.4,16.8,17.3,17.4,17.1,24,9,13,5.524336421243206
285,44,2024-07-20,"San Antonio, Texas",Colts,12,16.4,16.8,33.2,16.7,16.3,16.7,24.85,16.9,16.6,17.1,25.3,83.35,0,83.35,29.4246002,-98.4951405,16.5,16.3,16.5,17.1,16.6,16.6,24,10,12,4.199336421243203
286,44,2024-07-20,"San Antonio, Texas",Troopers,10,16.1,16.95,33.05,15.7,15.8,15.9,23.7,16.5,16.85,16.9,25.125,81.875,0,81.875,29.4246002,-98.4951405,16.0,16.2,16.7,17.2,16.8,16.9,24,11,11,2.7243364212432084
287,44,2024-07-20,"San Antonio, Texas",Madison Scouts,9,15.55,16.275,31.825,16.2,16.2,16.3,24.35,16.6,16.25,14.9,23.875,80.05,0,80.05,29.4246002,-98.4951405,15.7,15.4,16.05,16.5,16.2,16.3,24,12,10,0.8993364212432056
288,44,2024-07-20,"San Antonio, Texas",Crossmen,11,15.85,16.375,32.225,16.4,16.0,16.0,24.2,15.5,16.0,15.5,23.5,79.925,0,79.925,29.4246002,-98.4951405,15.9,15.8,16.0,16.75,16.1,15.9,24,13,9,0.7743364212432056
289,44,2024-07-20,"San Antonio, Texas",Blue Knights,8,16.0,15.8,31.8,16.0,15.5,15.0,23.25,15.9,15.9,16.3,24.05,79.1,0,79.1,29.4246002,-98.4951405,16.3,15.7,15.3,16.3,15.8,16.0,24,14,8,-0.05066357875679728
290,44,2024-07-20,"San Antonio, Texas",Pacific Crest,5,15.55,15.925,31.475,15.1,14.9,15.6,22.8,15.0,15.9,15.3,23.1,73.375,0,77.375,29.4246002,-98.4951405,15.6,15.5,15.85,16.0,16.0,15.8,24,15,7,-1.7756635787567916
291,44,2024-07-20,"San Antonio, Texas",Spirit of Atlanta,7,15.1,15.65,30.75,15.5,15.0,15.2,22.85,16.1,15.4,16.0,23.75,77.35,0,77.35,29.4246002,-98.4951405,15.3,14.9,15.5,15.8,15.3,15.5,24,16,6,-1.8006635787567973
292,44,2024-07-20,"San Antonio, Texas",The Academy,4,14.65,15.05,29.7,14.8,15.2,15.1,22.55,14.9,15.0,15.6,22.75,75.0,0,75.0,29.4246002,-98.4951405,14.5,14.8,14.9,15.2,14.8,15.2,24,17,5,-4.150663578756792
293,44,2024-07-20,"San Antonio, Texas",Music City,6,14.85,15.25,30.1,15.3,14.3,14.2,21.9,14.4,15.1,15.2,22.35,74.35,0,74.35,29.4246002,-98.4951405,14.7,15.0,15.1,15.4,15.2,15.0,24,18,4,-4.800663578756797
294,44,2024-07-20,"San Antonio, Texas",Genesis,1,14.1,14.1,28.2,13.5,13.9,14.5,20.95,14.1,13.75,14.3,21.075,70.225,0,70.225,29.4246002,-98.4951405,13.9,14.3,14.0,14.2,13.3,14.2,24,19,3,-8.925663578756797
295,44,2024-07-20,"San Antonio, Texas",Seattle Cascades,3,13.9,13.6,27.5,14.4,13.6,14.0,21.0,13.9,13.45,14.1,20.725,69.225,0,69.225,29.4246002,-98.4951405,13.7,14.1,13.6,13.6,13.2,13.7,24,20,2,-9.925663578756797
296,44,2024-07-20,"San Antonio, Texas",Jersey Surf,2,13.65,14.3,27.95,14.0,13.3,14.7,21.0,13.4,13.75,12.7,19.925,68.875,0,68.875,29.4246002,-98.4951405,13.4,13.9,14.2,14.4,13.7,13.8,24,21,1,-10.275663578756792
297,44,2024-07-20,"San Antonio, Texas",Guardians,1,12.95,12.6,25.55,12.6,12.8,13.7,19.55,13.1,12.65,12.8,19.275,64.375,0,64.375,29.4246002,-98.4951405,12.7,13.2,12.6,12.6,12.7,12.6,24,1,1,-14.775663578756792
298,45,2024-07-20,"Landisville, Pennsylvania",Raiders,1,12.4,12.7,25.1,12.8,12.7,12.0,18.75,13.6,12.7,10.9,18.6,62.45,0,62.45,40.0951196,-76.4101958,,,,,,,24,1,1,-16.70066357875679
299,45,2024-07-20,"Landisville, Pennsylvania",Reading Buccaneers,3,17.8,17.7,35.5,17.2,17.8,17.3,26.15,17.1,17.7,17.8,26.3,87.95,0,87.95,40.0951196,-76.4101958,,,,,,,24,1,3,8.799336421243211
300,45,2024-07-20,"Landisville, Pennsylvania",Bushwackers Drum Corps,2,17.3,17.1,34.4,16.7,17.3,17.1,25.55,16.0,17.0,17.7,25.35,85.3,0,85.3,40.0951196,-76.4101958,,,,,,,24,2,2,6.149336421243206
301,45,2024-07-20,"Landisville, Pennsylvania",Hawthorne Caballeros,1,17.1,16.8,33.9,16.9,17.0,16.9,25.4,16.7,17.3,17.5,25.75,85.05,0,85.05,40.0951196,-76.4101958,,,,,,,24,3,1,5.899336421243206
302,45,2024-07-20,"Landisville, Pennsylvania",White Sabers,1,15.4,15.6,31.0,15.8,15.2,15.3,23.15,15.8,15.8,16.0,23.8,77.95,0,77.95,40.0951196,-76.4101958,,,,,,,24,1,2,-1.2006635787567888
303,45,2024-07-20,"Landisville, Pennsylvania",Fusion Core,2,15.1,15.2,30.3,15.5,14.9,15.5,22.95,14.9,15.2,15.4,22.75,76.0,0,76.0,40.0951196,-76.4101958,,,,,,,24,2,1,-3.1506635787567916
304,45,2024-07-20,"Landisville, Pennsylvania",New York Skyliners,1,13.6,13.2,26.8,13.5,13.7,13.4,20.3,13.1,13.9,12.8,19.9,67.0,0,67.0,40.0951196,-76.4101958,,,,,,,24,1,1,-12.150663578756792
305,46,2024-07-20,"Brunswick, Ohio",Spartans,3,15.3,14.7,30.0,15.4,15.4,14.9,22.85,15.2,15.2,15.6,23.0,75.85,0,75.85,41.2456819,-81.8275398,,,,,,,24,1,3,-3.3006635787567973
306,46,2024-07-20,"Brunswick, Ohio",The Battalion,2,15.1,14.1,29.2,14.7,14.7,14.1,21.75,14.6,14.6,14.5,21.85,72.8,0,72.8,41.2456819,-81.8275398,,,,,,,24,2,2,-6.350663578756794
307,46,2024-07-20,"Brunswick, Ohio",River City Rhythm,1,14.2,13.8,28.0,14.1,14.1,14.0,21.1,14.4,14.4,14.8,21.8,70.9,0,70.9,41.2456819,-81.8275398,,,,,,,24,3,1,-8.250663578756786
308,46,2024-07-20,"Brunswick, Ohio",Cincinnati Tradition,2,16.8,16.4,33.2,16.7,17.0,16.6,25.15,16.7,16.7,16.4,24.9,83.25,0,83.25,41.2456819,-81.8275398,,,,,,,24,1,2,4.099336421243208
309,46,2024-07-20,"Brunswick, Ohio",Rogues Hollow Regiment,1,15.6,14.6,30.2,15.6,15.8,16.1,23.75,16.0,16.0,14.9,23.45,77.4,0,77.4,41.2456819,-81.8275398,,,,,,,24,2,1,-1.750663578756786
310,47,2024-07-22,"Mesquite, Texas",Carolina Crown,10,18.0,18.0,36.0,18.4,18.1,18.4,27.45,17.5,18.6,18.1,27.1,90.55,0,90.55,32.7666103,-96.599472,,,,,,,26,1,10,10.145561034960892
311,47,2024-07-22,"Mesquite, Texas",Mandarins,9,17.6,17.9,35.5,18.3,17.6,17.5,26.7,16.6,18.1,17.2,25.95,88.15,0,88.15,32.7666103,-96.599472,,,,,,,26,2,9,7.7455610349609
312,47,2024-07-22,"Mesquite, Texas",The Cavaliers,8,17.1,17.0,34.1,17.5,17.3,16.7,25.75,15.9,17.2,17.8,25.45,85.3,0,85.3,32.7666103,-96.599472,,,,,,,26,3,8,4.895561034960892
313,47,2024-07-22,"Mesquite, Texas",Colts,6,16.9,16.6,33.5,16.9,16.7,16.9,25.25,16.1,16.8,17.4,25.15,83.9,0,83.9,32.7666103,-96.599472,,,,,,,26,4,7,3.4955610349609003
314,47,2024-07-22,"Mesquite, Texas",Madison Scouts,7,16.7,16.4,33.1,16.4,16.3,16.1,24.4,15.6,16.1,14.9,23.3,80.8,0,80.8,32.7666103,-96.599472,,,,,,,26,5,6,0.3955610349608918
315,47,2024-07-22,"Mesquite, Texas",Crossmen,5,16.5,16.1,32.6,16.7,16.5,16.3,24.75,15.4,16.3,15.2,23.45,80.8,0,80.8,32.7666103,-96.599472,,,,,,,26,5,6,0.3955610349608918
316,47,2024-07-22,"Mesquite, Texas",Pacific Crest,4,16.1,15.8,31.9,15.3,15.1,15.6,23.0,15.2,15.8,16.0,23.5,78.4,0,78.4,32.7666103,-96.599472,,,,,,,26,7,4,-2.0044389650390997
317,47,2024-07-22,"Mesquite, Texas",Music City,3,15.9,15.3,31.2,15.1,14.8,14.5,22.2,14.7,14.8,15.3,22.4,75.8,0,75.8,32.7666103,-96.599472,,,,,,,26,8,3,-4.604438965039108
318,47,2024-07-22,"Mesquite, Texas",The Academy,2,15.4,14.9,30.3,15.0,15.3,14.8,22.55,15.0,15.1,15.8,22.95,75.8,0,75.8,32.7666103,-96.599472,,,,,,,26,8,3,-4.604438965039108
319,47,2024-07-22,"Mesquite, Texas",Jersey Surf,1,14.5,14.0,28.5,13.8,13.8,14.3,20.95,13.2,13.4,12.6,19.6,69.05,0,69.05,32.7666103,-96.599472,,,,,,,26,10,1,-11.354438965039108
320,47,2024-07-22,"Mesquite, Texas",Guardians,1,13.5,12.5,26.0,13.3,12.7,13.5,19.75,12.2,12.4,12.9,18.75,64.5,0,64.5,32.7666103,-96.599472,,,,,,,26,1,1,-15.904438965039105
