,Show Number,Corps,Date,Location,Performance Slot,General Effect 1,General Effect 2,General Effect Total,Visual Proficiency,Visual Analysis,Color Guard,Visual Total,Music Brass,Music Analysis,Music Percussion,Music Total,Sub Total,Penalty,Total Score,Competition Latitude,Competition Longitude,Days from Season Start,Geodesic Distance
0,,Boston Crusaders,,"Rockford, Michigan",,,,,,,,,,,,,,,,,,,
1,,Phantom Regiment,,"Rockford, Michigan",,,,,,,,,,,,,,,,,,,
2,,The Cavaliers,,"Rockford, Michigan",,,,,,,,,,,,,,,,,,,
3,,Blue Stars,,"Rockford, Michigan",,,,,,,,,,,,,,,,,,,
4,,Colts,,"Rockford, Michigan",,,,,,,,,,,,,,,,,,,
5,,Carolina Crown,,"Muncie, Indiana",,,,,,,,,,,,,,,,,,,
6,1.0,Boston Crusaders,2 days 00:00:00,"Muncie, Indiana",0.0,-0.40000000000000036,0.5999999999999996,0.1999999999999993,0.1999999999999993,0.8999999999999986,0.40000000000000036,0.75,0.5,0.10000000000000142,0.9000000000000004,0.75,1.7000000000000028,0.0,1.7000000000000028,-2.926031799999997,0.1730768999999981,2.0,202.13448541501026
7,1.0,Phantom Regiment,2 days 00:00:00,"Muncie, Indiana",1.0,-0.3000000000000007,0.5,0.1999999999999993,0.5,0.5999999999999996,0.20000000000000107,0.6499999999999986,0.5999999999999996,0.5,1.200000000000001,1.1499999999999986,2.0,0.0,2.0,-2.926031799999997,0.1730768999999981,2.0,202.13448541501026
8,1.0,The Cavaliers,2 days 00:00:00,"Muncie, Indiana",-2.0,0.0,0.1999999999999993,0.1999999999999993,0.1999999999999993,0.09999999999999964,0.1999999999999993,0.25,0.29999999999999893,0.20000000000000107,0.29999999999999893,0.40000000000000213,0.8499999999999943,0.0,0.8499999999999943,-2.926031799999997,0.1730768999999981,2.0,202.13448541501026
9,1.0,Blue Stars,2 days 00:00:00,"Muncie, Indiana",0.0,-0.6999999999999993,0.5,-0.1999999999999993,-0.10000000000000142,0.5,0.09999999999999964,0.25,0.40000000000000036,0.20000000000000107,0.40000000000000036,0.5,0.5499999999999972,0.0,0.5499999999999972,-2.926031799999997,0.1730768999999981,2.0,202.13448541501026
10,1.0,Colts,2 days 00:00:00,"Muncie, Indiana",1.0,-0.3000000000000007,0.5999999999999996,0.3000000000000007,0.0,0.40000000000000036,0.09999999999999964,0.25,0.7000000000000011,0.29999999999999893,1.299999999999999,1.1500000000000021,1.6999999999999886,0.0,1.6999999999999886,-2.926031799999997,0.1730768999999981,2.0,202.13448541501026
11,,Blue Devils,,"Walnut, California",,,,,,,,,,,,,,,,,,,
12,,Santa Clara Vanguard,,"Walnut, California",,,,,,,,,,,,,,,,,,,
13,,Mandarins,,"Walnut, California",,,,,,,,,,,,,,,,,,,
14,,Pacific Crest,,"Walnut, California",,,,,,,,,,,,,,,,,,,
15,,Blue Devils B,,"Walnut, California",,,,,,,,,,,,,,,,,,,
16,,Gold,,"Walnut, California",,,,,,,,,,,,,,,,,,,
17,,Impulse,,"Walnut, California",,,,,,,,,,,,,,,,,,,
18,,Vessel,,"Walnut, California",,,,,,,,,,,,,,,,,,,
19,,Blue Devils C,,"Walnut, California",,,,,,,,,,,,,,,,,,,
20,2.0,Blue Stars,1 days 00:00:00,"Madison, Wisconsin",0.0,0.40000000000000036,-0.40000000000000036,0.0,0.6000000000000014,-12.0,0.1999999999999993,0.3999999999999986,0.3999999999999986,-0.10000000000000142,0.5,0.3999999999999986,0.7999999999999972,0.0,0.7999999999999972,2.881071800000001,-3.9972342000000083,1.0,286.9269031466265
21,2.0,Colts,1 days 00:00:00,"Madison, Wisconsin",-2.0,0.0,0.0,0.0,0.09999999999999964,0.40000000000000036,0.5999999999999996,0.5500000000000007,0.40000000000000036,-0.5,0.0,-0.05000000000000071,0.5,0.0,0.5,2.881071800000001,-3.9972342000000083,1.0,286.9269031466265
22,,Madison Scouts,,"Madison, Wisconsin",,,,,,,,,,,,,,,,,,,
23,,Colt Cadets,,"Madison, Wisconsin",,,,,,,,,,,,,,,,,,,
24,,Govenaires,,"Madison, Wisconsin",,,,,,,,,,,,,,,,,,,
25,,Spartans,,"Shelton, Connecticut",,,,,,,,,,,,,,,,,,,
26,,7th Regiment,,"Shelton, Connecticut",,,,,,,,,,,,,,,,,,,
27,,Reading Buccaneers,,"Shelton, Connecticut",,,,,,,,,,,,,,,,,,,
28,,Bushwackers Drum Corps,,"Shelton, Connecticut",,,,,,,,,,,,,,,,,,,
29,,Hawthorne Caballeros,,"Shelton, Connecticut",,,,,,,,,,,,,,,,,,,
30,,Hurricanes,,"Shelton, Connecticut",,,,,,,,,,,,,,,,,,,
31,,Fusion Core,,"Shelton, Connecticut",,,,,,,,,,,,,,,,,,,
32,,Sunrisers,,"Shelton, Connecticut",,,,,,,,,,,,,,,,,,,
33,3.0,Blue Devils,1 days 00:00:00,"Walnut, California",1.0,-0.09999999999999964,0.1999999999999993,0.10000000000000142,0.3000000000000007,0.10000000000000142,0.10000000000000142,0.25,0.20000000000000107,0.10000000000000142,0.0,0.14999999999999858,0.5,0.0,0.5,0.0,0.0,1.0,0.0
34,3.0,Santa Clara Vanguard,1 days 00:00:00,"Walnut, California",0.0,-0.3000000000000007,-0.8000000000000007,-1.0999999999999979,0.09999999999999964,0.5,0.40000000000000036,0.5,-0.1999999999999993,0.7999999999999989,0.0,0.29999999999999716,-0.30000000000001137,0.0,-0.30000000000001137,0.0,0.0,1.0,0.0
35,3.0,Mandarins,1 days 00:00:00,"Walnut, California",0.0,-0.5,-0.8000000000000007,-1.3000000000000007,0.20000000000000107,0.5,0.1999999999999993,0.4499999999999993,0.40000000000000036,0.40000000000000036,0.10000000000000142,0.45000000000000284,-0.4000000000000057,0.0,-0.4000000000000057,0.0,0.0,1.0,0.0
36,3.0,Pacific Crest,1 days 00:00:00,"Walnut, California",-1.0,-1.6999999999999993,-0.5999999999999996,-2.3000000000000007,0.5999999999999996,0.5,-0.10000000000000142,0.5,0.10000000000000142,0.10000000000000142,0.1999999999999993,0.1999999999999993,-1.5999999999999943,0.0,-1.5999999999999943,0.0,0.0,1.0,0.0
37,3.0,Blue Devils B,1 days 00:00:00,"Walnut, California",1.0,0.5999999999999996,0.3999999999999986,1.0,0.3000000000000007,-0.10000000000000142,0.5,0.3500000000000014,0.09999999999999964,0.5,0.1999999999999993,0.3999999999999986,1.75,0.0,1.75,0.0,0.0,1.0,0.0
38,3.0,Gold,1 days 00:00:00,"Walnut, California",1.0,-1.0999999999999996,0.6999999999999993,-0.3999999999999986,0.40000000000000036,0.5999999999999996,0.29999999999999893,0.6500000000000021,0.1999999999999993,0.0,0.20000000000000107,0.20000000000000284,0.45000000000000284,0.0,0.45000000000000284,0.0,0.0,1.0,0.0
39,3.0,Vessel,1 days 00:00:00,"Walnut, California",1.0,-0.9000000000000004,-0.09999999999999964,-1.0,0.3000000000000007,0.3000000000000007,0.5,0.5500000000000007,0.10000000000000142,1.1999999999999993,-0.09999999999999964,0.5999999999999996,0.14999999999999858,0.0,0.14999999999999858,0.0,0.0,1.0,0.0
40,3.0,Impulse,1 days 00:00:00,"Walnut, California",-1.0,-1.8000000000000007,-1.1999999999999993,-3.0,0.10000000000000142,0.5999999999999996,-0.1999999999999993,0.25,0.29999999999999893,-0.6000000000000014,0.10000000000000142,-0.09999999999999964,-2.8500000000000014,0.0,-2.8500000000000014,0.0,0.0,1.0,0.0
41,3.0,Blue Devils C,1 days 00:00:00,"Walnut, California",-2.0,-1.0999999999999996,-0.5,-1.6000000000000014,0.40000000000000036,0.5,0.1999999999999993,0.5500000000000007,0.0,0.1999999999999993,0.09999999999999964,0.15000000000000036,-0.9000000000000057,0.0,-0.9000000000000057,0.0,0.0,1.0,0.0
42,5.0,Carolina Crown,2 days 00:00:00,"Lisle, Illinois",0.0,1.0,0.1999999999999993,1.1999999999999993,0.40000000000000036,-0.1999999999999993,0.5999999999999996,0.40000000000000213,-0.09999999999999964,0.09999999999999964,1.200000000000001,0.6000000000000014,2.1999999999999886,0.0,2.1999999999999886,1.607469799999997,-2.688241600000012,2.0,179.02855137814933
43,5.0,Boston Crusaders,2 days 00:00:00,"Lisle, Illinois",0.0,0.5999999999999996,0.3000000000000007,0.8999999999999986,0.7000000000000011,-0.1999999999999993,0.6999999999999993,0.6000000000000014,-0.10000000000000142,0.1999999999999993,0.6999999999999993,0.3999999999999986,1.8999999999999915,0.0,1.8999999999999915,1.607469799999997,-2.688241600000012,2.0,179.02855137814933
44,5.0,Phantom Regiment,2 days 00:00:00,"Lisle, Illinois",1.0,0.5,0.0,0.5,0.5,0.3000000000000007,0.7999999999999989,0.8000000000000007,0.09999999999999964,-0.09999999999999964,0.6999999999999993,0.3500000000000014,1.6499999999999915,0.0,1.6499999999999915,1.607469799999997,-2.688241600000012,2.0,179.02855137814933
45,5.0,The Cavaliers,2 days 00:00:00,"Lisle, Illinois",5.0,0.9000000000000004,0.3000000000000007,1.1999999999999993,0.5999999999999996,0.1999999999999993,1.0999999999999996,0.9499999999999993,0.6000000000000014,-0.20000000000000107,0.8000000000000007,0.5999999999999979,2.700000000000003,0.0,2.75,1.607469799999997,-2.688241600000012,2.0,179.02855137814933
46,3.0,Colts,1 days 00:00:00,"Lisle, Illinois",1.0,0.5,0.9000000000000004,1.3999999999999986,0.5999999999999996,0.40000000000000036,0.8000000000000007,0.9000000000000021,0.1999999999999993,0.40000000000000036,1.0,0.8000000000000007,3.1000000000000085,0.0,3.1000000000000085,-1.273602000000004,1.3089925999999963,1.0,110.48039355755071
47,3.0,Blue Stars,1 days 00:00:00,"Lisle, Illinois",1.0,0.29999999999999893,0.7999999999999989,1.1000000000000014,0.3999999999999986,12.7,0.8000000000000007,0.9500000000000028,0.0,0.0,0.6999999999999993,0.3500000000000014,2.4000000000000057,0.0,2.4000000000000057,-1.273602000000004,1.3089925999999963,1.0,110.48039355755071
48,3.0,Madison Scouts,1 days 00:00:00,"Lisle, Illinois",-2.0,0.3000000000000007,-0.10000000000000142,0.1999999999999993,0.29999999999999893,0.5,0.3999999999999986,0.6000000000000014,0.5,0.5999999999999996,0.40000000000000036,0.75,1.5500000000000114,0.0,1.5500000000000114,-1.273602000000004,1.3089925999999963,1.0,110.48039355755071
49,3.0,Colt Cadets,1 days 00:00:00,"Lisle, Illinois",0.0,0.3000000000000007,1.0,1.3000000000000007,-0.29999999999999893,0.7999999999999989,0.8000000000000007,0.6499999999999986,0.1999999999999993,0.29999999999999893,0.5999999999999996,0.5500000000000007,2.5,0.0,2.5,-1.273602000000004,1.3089925999999963,1.0,110.48039355755071
50,2.0,Blue Devils,1 days 00:00:00,"San Bernardino, California",0.0,0.09999999999999964,-0.5999999999999996,-0.5,0.09999999999999964,0.3999999999999986,0.09999999999999964,0.3000000000000007,0.5,0.09999999999999964,0.1999999999999993,0.3999999999999986,0.20000000000000284,0.0,0.20000000000000284,1.116713599999997,1.7092951999999997,1.0,124.46433431171891
51,2.0,Santa Clara Vanguard,1 days 00:00:00,"San Bernardino, California",0.0,0.5999999999999996,0.10000000000000142,0.6999999999999993,0.09999999999999964,0.10000000000000142,0.3000000000000007,0.25,0.1999999999999993,0.09999999999999964,0.1999999999999993,0.25,1.2000000000000028,0.0,1.2000000000000028,1.116713599999997,1.7092951999999997,1.0,124.46433431171891
52,2.0,Mandarins,1 days 00:00:00,"San Bernardino, California",1.0,0.5,0.7000000000000011,1.1999999999999993,0.29999999999999893,0.1999999999999993,0.0,0.25,-0.29999999999999893,0.5999999999999996,0.1999999999999993,0.25,1.7000000000000028,0.0,1.7000000000000028,1.116713599999997,1.7092951999999997,1.0,124.46433431171891
53,2.0,Pacific Crest,1 days 00:00:00,"San Bernardino, California",-1.0,1.3999999999999986,-0.20000000000000107,1.1999999999999993,0.1999999999999993,-0.3000000000000007,0.20000000000000107,0.04999999999999716,0.29999999999999893,-0.20000000000000107,0.0,0.05000000000000071,1.2999999999999972,0.0,1.2999999999999972,1.116713599999997,1.7092951999999997,1.0,124.46433431171891
54,2.0,Blue Devils B,1 days 00:00:00,"San Bernardino, California",0.0,-0.40000000000000036,0.0,-0.3999999999999986,0.40000000000000036,0.3000000000000007,0.1999999999999993,0.4499999999999993,0.09999999999999964,0.1999999999999993,-0.09999999999999964,0.10000000000000142,0.14999999999999858,0.0,0.14999999999999858,1.116713599999997,1.7092951999999997,1.0,124.46433431171891
55,2.0,Gold,1 days 00:00:00,"San Bernardino, California",0.0,0.9000000000000004,-0.5999999999999996,0.3000000000000007,0.09999999999999964,0.20000000000000107,0.3000000000000007,0.29999999999999716,0.3000000000000007,0.0,0.09999999999999964,0.1999999999999993,0.7999999999999972,0.0,0.7999999999999972,1.116713599999997,1.7092951999999997,1.0,124.46433431171891
56,2.0,Impulse,1 days 00:00:00,"San Bernardino, California",1.0,1.4000000000000004,0.5,1.8999999999999986,0.29999999999999893,-0.20000000000000107,0.40000000000000036,0.25,-0.29999999999999893,0.3000000000000007,-0.10000000000000142,-0.05000000000000071,2.1000000000000014,0.0,2.1000000000000014,1.116713599999997,1.7092951999999997,1.0,124.46433431171891
57,2.0,Vessel,1 days 00:00:00,"San Bernardino, California",-1.0,0.6999999999999993,0.3999999999999986,1.1000000000000014,0.40000000000000036,0.09999999999999964,0.09999999999999964,0.29999999999999893,-0.3000000000000007,-0.29999999999999893,-0.09999999999999964,-0.34999999999999964,1.0499999999999972,0.0,1.0499999999999972,1.116713599999997,1.7092951999999997,1.0,124.46433431171891
58,2.0,Blue Devils C,1 days 00:00:00,"San Bernardino, California",0.0,0.40000000000000036,0.09999999999999964,0.5,0.1999999999999993,0.20000000000000107,0.1999999999999993,0.3000000000000007,0.09999999999999964,0.0,0.09999999999999964,0.09999999999999964,0.9000000000000057,0.0,0.9000000000000057,1.116713599999997,1.7092951999999997,1.0,124.46433431171891
59,,Bluecoats,,"Mason, OH",,,,,,,,,,,,,,,,,,,
60,2.0,Boston Crusaders,2 days 00:00:00,"Mason, OH",-3.0,0.5000000000000018,0.3999999999999986,0.9000000000000021,0.40000000000000036,0.1999999999999993,0.20000000000000107,0.3999999999999986,0.7000000000000011,0.40000000000000036,0.0,0.5500000000000007,1.8500000000000085,0.0,1.8500000000000085,-2.4411003999999963,3.764829700000007,2.0,259.95339452469113
61,2.0,Carolina Crown,2 days 00:00:00,"Mason, OH",-3.0,-0.09999999999999964,-0.09999999999999964,-0.1999999999999993,0.0,0.29999999999999893,0.3000000000000007,0.3000000000000007,0.8000000000000007,0.6000000000000014,0.09999999999999964,0.75,0.8500000000000085,0.0,0.8500000000000085,-2.4411003999999963,3.764829700000007,2.0,259.95339452469113
62,2.0,Phantom Regiment,2 days 00:00:00,"Mason, OH",-3.0,0.5999999999999996,0.3000000000000007,0.9000000000000021,0.1999999999999993,0.1999999999999993,0.5999999999999996,0.5,0.3000000000000007,0.5,0.0,0.3999999999999986,1.7999999999999972,0.0,1.7999999999999972,-2.4411003999999963,3.764829700000007,2.0,259.95339452469113
63,,Cincinnati Tradition,,"Mason, OH",,,,,,,,,,,,,,,,,,,
64,3.0,The Cavaliers,3 days 00:00:00,"Cedarburg, Wisconsin",-3.0,0.5,0.5,1.0,0.0,1.9000000000000004,0.6000000000000014,1.25,0.5999999999999996,0.5999999999999996,0.6999999999999993,0.9500000000000028,3.25,0.0,3.200000000000003,1.495495500000004,0.08723390000000109,3.0,103.32158289243158
65,3.0,Blue Stars,3 days 00:00:00,"Cedarburg, Wisconsin",0.0,0.40000000000000036,0.20000000000000107,0.5999999999999979,0.9000000000000004,1.0999999999999996,0.5,1.25,1.0,0.8000000000000007,0.40000000000000036,1.1000000000000014,2.9499999999999886,0.0,2.9499999999999886,1.495495500000004,0.08723390000000109,3.0,103.32158289243158
66,3.0,Colts,3 days 00:00:00,"Cedarburg, Wisconsin",0.0,0.5999999999999996,0.1999999999999993,0.8000000000000007,0.5999999999999996,1.0,0.5999999999999996,1.0999999999999979,0.1999999999999993,0.8000000000000007,0.10000000000000142,0.5499999999999972,2.450000000000003,0.0,2.450000000000003,1.495495500000004,0.08723390000000109,3.0,103.32158289243158
67,3.0,Madison Scouts,3 days 00:00:00,"Cedarburg, Wisconsin",0.0,0.6999999999999993,0.40000000000000036,1.1000000000000014,0.7000000000000011,1.1999999999999993,0.6000000000000014,1.25,0.40000000000000036,0.9000000000000004,-0.40000000000000036,0.45000000000000284,2.799999999999997,0.0,2.799999999999997,1.495495500000004,0.08723390000000109,3.0,103.32158289243158
68,3.0,Colt Cadets,3 days 00:00:00,"Cedarburg, Wisconsin",0.0,1.0,-0.1999999999999993,0.8000000000000007,-0.20000000000000107,-0.7999999999999989,0.0,-0.5,-0.5,0.20000000000000107,-1.6999999999999993,-1.0,-0.7000000000000028,0.0,-0.7000000000000028,1.495495500000004,0.08723390000000109,3.0,103.32158289243158
69,3.0,Blue Devils,5 days 00:00:00,"Clovis, California",1.0,0.5,1.200000000000001,1.6999999999999957,0.8000000000000007,0.5,0.40000000000000036,0.8499999999999979,0.3000000000000007,0.7999999999999989,0.40000000000000036,0.75,3.299999999999997,0.0,3.299999999999997,1.9999257999999998,-3.619604999999993,5.0,245.56298033659118
70,3.0,Mandarins,5 days 00:00:00,"Clovis, California",1.0,0.29999999999999893,1.1999999999999993,1.5,0.9000000000000004,0.3000000000000007,0.7000000000000011,0.9500000000000028,0.5999999999999996,1.0999999999999996,0.6999999999999993,1.1999999999999993,3.6499999999999915,0.0,3.6499999999999915,1.9999257999999998,-3.619604999999993,5.0,245.56298033659118
71,3.0,Santa Clara Vanguard,5 days 00:00:00,"Clovis, California",0.0,0.10000000000000142,0.8999999999999986,1.0,0.7000000000000011,0.09999999999999964,0.29999999999999893,0.5500000000000007,0.09999999999999964,0.9000000000000004,0.6000000000000014,0.8000000000000007,2.3500000000000085,0.0,2.3500000000000085,1.9999257999999998,-3.619604999999993,5.0,245.56298033659118
72,3.0,Pacific Crest,5 days 00:00:00,"Clovis, California",1.0,0.6000000000000014,0.9000000000000004,1.5,0.8000000000000007,0.3000000000000007,1.0999999999999996,1.1000000000000014,1.0999999999999996,2.0999999999999996,0.9000000000000004,2.0500000000000007,4.650000000000006,0.0,4.650000000000006,1.9999257999999998,-3.619604999999993,5.0,245.56298033659118
73,,The Academy,,"Clovis, California",,,,,,,,,,,,,,,,,,,
74,,Troopers,,"Portland, Oregon",,,,,,,,,,,,,,,,,,,
75,,Blue Knights,,"Portland, Oregon",,,,,,,,,,,,,,,,,,,
76,,Seattle Cascades,,"Portland, Oregon",,,,,,,,,,,,,,,,,,,
77,4.0,Phantom Regiment,3 days 00:00:00,"Rockford, Illinois",3.0,0.09999999999999964,0.3000000000000007,0.3999999999999986,0.40000000000000036,0.9000000000000004,0.20000000000000107,0.75,0.5,0.20000000000000107,0.8000000000000007,0.75,1.9000000000000057,0.0,1.9000000000000057,2.9113358999999974,-4.784026999999995,3.0,321.2460522833209
78,3.0,The Cavaliers,2 days 00:00:00,"Rockford, Illinois",-1.0,-0.09999999999999964,0.09999999999999964,0.0,0.40000000000000036,-0.3000000000000007,0.5,0.3000000000000007,0.09999999999999964,0.6000000000000014,0.40000000000000036,0.5499999999999972,0.8500000000000085,0.0,0.8500000000000085,-1.025260000000003,-1.1064311999999887,2.0,90.40393512463568
79,3.0,Blue Stars,2 days 00:00:00,"Rockford, Illinois",0.0,0.0,0.29999999999999893,0.3000000000000007,-0.29999999999999893,-0.1999999999999993,0.0,-0.25,0.20000000000000107,0.5,0.6999999999999993,0.6999999999999993,0.75,0.0,0.75,-1.025260000000003,-1.1064311999999887,2.0,90.40393512463568
80,3.0,Madison Scouts,2 days 00:00:00,"Rockford, Illinois",0.0,0.20000000000000107,0.3000000000000007,0.5,0.0,-0.1999999999999993,0.1999999999999993,0.0,0.5999999999999996,0.09999999999999964,0.6000000000000014,0.6499999999999986,1.1499999999999915,0.0,1.1499999999999915,-1.025260000000003,-1.1064311999999887,2.0,90.40393512463568
81,,River City Rhythm,,"Rockford, Illinois",,,,,,,,,,,,,,,,,,,
82,3.0,Colt Cadets,2 days 00:00:00,"Rockford, Illinois",1.0,0.29999999999999893,0.09999999999999964,0.3999999999999986,0.7000000000000011,1.0,-0.09999999999999964,0.8000000000000007,0.6999999999999993,0.6999999999999993,1.3000000000000007,1.3500000000000014,2.549999999999997,0.0,2.549999999999997,-1.025260000000003,-1.1064311999999887,2.0,90.40393512463568
83,3.0,Blue Devils,1 days 00:00:00,"Stanford, California",0.0,0.6000000000000014,-0.10000000000000142,0.5,-0.3000000000000007,0.0,-0.10000000000000142,-0.1999999999999993,0.09999999999999787,0.5,0.1999999999999993,0.40000000000000213,0.7000000000000028,0.0,0.7000000000000028,0.6022393000000008,-2.4673250999999965,1.0,142.42385996439373
84,3.0,Mandarins,1 days 00:00:00,"Stanford, California",0.0,0.5,-0.40000000000000036,0.10000000000000142,-0.5,-0.20000000000000107,-0.20000000000000107,-0.45000000000000284,0.6999999999999993,0.3000000000000007,-0.29999999999999893,0.34999999999999787,0.0,0.0,0.0,0.6022393000000008,-2.4673250999999965,1.0,142.42385996439373
85,3.0,Santa Clara Vanguard,1 days 00:00:00,"Stanford, California",0.0,0.29999999999999893,-0.09999999999999964,0.1999999999999993,-0.7000000000000011,0.1999999999999993,-0.5,-0.5,0.7000000000000011,0.40000000000000036,-0.10000000000000142,0.5,0.19999999999998863,0.0,0.19999999999998863,0.6022393000000008,-2.4673250999999965,1.0,142.42385996439373
86,3.0,Pacific Crest,1 days 00:00:00,"Stanford, California",0.0,1.1999999999999993,0.5999999999999996,1.8000000000000007,0.09999999999999964,0.8000000000000007,-0.5999999999999996,0.14999999999999858,0.3000000000000007,-0.09999999999999964,0.0,0.10000000000000142,2.049999999999997,0.0,2.049999999999997,0.6022393000000008,-2.4673250999999965,1.0,142.42385996439373
87,3.0,The Academy,1 days 00:00:00,"Stanford, California",0.0,1.6999999999999993,0.9000000000000004,2.6000000000000014,-1.5,-0.9000000000000004,0.09999999999999964,-1.1499999999999986,0.3000000000000007,0.20000000000000107,0.09999999999999964,0.29999999999999716,1.75,0.0,1.75,0.6022393000000008,-2.4673250999999965,1.0,142.42385996439373
88,6.0,Blue Devils B,6 days 00:00:00,"Stanford, California",1.0,0.40000000000000036,0.7000000000000011,1.0999999999999979,-0.5999999999999996,0.8000000000000007,-0.3000000000000007,-0.05000000000000071,1.4000000000000004,-0.1999999999999993,1.0,1.0999999999999979,2.1499999999999986,0.0,2.1499999999999986,2.6021651000000006,-6.086930099999989,6.0,384.7385864223901
89,6.0,Gold,6 days 00:00:00,"Stanford, California",-1.0,0.29999999999999893,1.0,1.3000000000000007,0.0,1.5,0.0,0.75,0.7999999999999989,0.3000000000000007,0.8000000000000007,0.9499999999999993,3.0,0.0,3.0,2.6021651000000006,-6.086930099999989,6.0,384.7385864223901
90,6.0,Impulse,6 days 00:00:00,"Stanford, California",-1.0,1.0,2.5,3.5,0.3000000000000007,2.3000000000000007,0.29999999999999893,1.450000000000001,1.299999999999999,1.5999999999999996,1.5,2.1999999999999993,7.149999999999999,0.0,7.149999999999999,2.6021651000000006,-6.086930099999989,6.0,384.7385864223901
91,,Golden Empire,,"Stanford, California",,,,,,,,,,,,,,,,,,,
92,6.0,Vessel,6 days 00:00:00,"Stanford, California",1.0,1.4000000000000004,1.200000000000001,2.599999999999998,0.5999999999999996,0.7999999999999989,0.40000000000000036,0.9000000000000021,1.6999999999999993,1.299999999999999,-0.20000000000000107,1.3999999999999986,4.900000000000006,0.0,4.900000000000006,2.6021651000000006,-6.086930099999989,6.0,384.7385864223901
93,6.0,Blue Devils C,6 days 00:00:00,"Stanford, California",3.0,1.8999999999999986,1.5,3.3999999999999986,0.40000000000000036,1.799999999999999,-0.29999999999999893,0.9499999999999993,1.0,1.3000000000000007,0.20000000000000107,1.25,5.599999999999994,0.0,5.599999999999994,2.6021651000000006,-6.086930099999989,6.0,384.7385864223901
94,3.0,Troopers,1 days 00:00:00,"Seattle, Washington",-1.0,0.40000000000000036,0.5,0.8999999999999986,0.5,-0.40000000000000036,0.7000000000000011,0.3999999999999986,-0.3000000000000007,0.5999999999999996,0.0,0.14999999999999858,1.4500000000000028,0.0,1.4500000000000028,2.0835849999999994,0.3441320000000019,1.0,144.8500281431653
95,3.0,Blue Knights,1 days 00:00:00,"Seattle, Washington",1.0,0.3999999999999986,1.0999999999999996,1.5,0.5,0.10000000000000142,0.5999999999999996,0.5999999999999979,0.3000000000000007,0.40000000000000036,0.3999999999999986,0.5500000000000007,2.6500000000000057,0.0,2.6500000000000057,2.0835849999999994,0.3441320000000019,1.0,144.8500281431653
96,3.0,Seattle Cascades,1 days 00:00:00,"Seattle, Washington",0.0,0.10000000000000142,0.1999999999999993,0.3000000000000007,-0.7000000000000011,-1.0,0.29999999999999893,-0.6999999999999993,-0.1999999999999993,0.09999999999999964,0.9000000000000004,0.40000000000000213,0.0,0.0,0.0,2.0835849999999994,0.3441320000000019,1.0,144.8500281431653
97,,Columbians,,"Seattle, Washington",,,,,,,,,,,,,,,,,,,
98,7.0,Bluecoats,4 days 00:00:00,"Whitewater, Wisconsin",0.0,0.09999999999999787,0.7000000000000011,0.7999999999999972,0.7000000000000011,0.8999999999999986,0.8000000000000007,1.1999999999999993,0.5999999999999996,0.7999999999999989,0.9000000000000004,1.1499999999999986,3.1500000000000057,0.0,3.1500000000000057,3.4735835999999978,-4.4193288999999965,4.0,332.5873225443255
99,3.0,Phantom Regiment,1 days 00:00:00,"Whitewater, Wisconsin",-2.0,0.20000000000000107,0.5,0.6999999999999993,0.20000000000000107,0.3000000000000007,0.40000000000000036,0.4499999999999993,0.09999999999999964,0.6999999999999993,0.1999999999999993,0.5,1.6500000000000057,0.0,1.6500000000000057,0.5622477000000003,0.36469809999999825,1.0,43.040812397926516
100,3.0,The Cavaliers,1 days 00:00:00,"Whitewater, Wisconsin",-2.0,0.40000000000000036,0.1999999999999993,0.6000000000000014,0.5,0.3000000000000007,0.09999999999999964,0.4499999999999993,-0.09999999999999964,0.09999999999999964,0.3999999999999986,0.20000000000000284,1.25,0.0,1.25,0.5622477000000003,0.36469809999999825,1.0,43.040812397926516
101,6.0,Colts,3 days 00:00:00,"Whitewater, Wisconsin",0.0,0.7000000000000011,0.40000000000000036,1.0999999999999979,0.10000000000000142,0.5,0.40000000000000036,0.5,0.40000000000000036,0.8999999999999986,0.8999999999999986,1.1000000000000014,2.6999999999999886,0.0,2.6999999999999886,-0.4630123000000026,-0.7417330999999905,3.0,49.30438020588014
102,3.0,Madison Scouts,1 days 00:00:00,"Whitewater, Wisconsin",4.0,0.09999999999999964,0.29999999999999893,0.3999999999999986,-0.10000000000000142,0.3999999999999986,0.1999999999999993,0.25,-0.3000000000000007,0.3000000000000007,1.0,0.5,1.1500000000000057,0.0,1.1500000000000057,0.5622477000000003,0.36469809999999825,1.0,43.040812397926516
103,3.0,Colt Cadets,1 days 00:00:00,"Whitewater, Wisconsin",-1.0,0.20000000000000107,0.1999999999999993,0.3999999999999986,0.3999999999999986,0.40000000000000036,0.1999999999999993,0.5,-0.5,0.3000000000000007,2.0999999999999996,0.9499999999999993,1.8500000000000014,0.0,1.8500000000000014,0.5622477000000003,0.36469809999999825,1.0,43.040812397926516
104,,Rogues Hollow Regiment,,"Whitewater, Wisconsin",,,,,,,,,,,,,,,,,,,
105,1.0,Bluecoats,1 days 00:00:00,"LaCrosse, Wisconsin",0.0,0.20000000000000284,0.6999999999999993,0.8999999999999986,0.29999999999999716,0.10000000000000142,0.0,0.1999999999999993,0.5999999999999996,0.10000000000000142,0.10000000000000142,0.40000000000000213,1.5,0.0,1.5,1.0706598499999984,-2.3748384041795845,1.0,140.59027067658357
106,1.0,Phantom Regiment,1 days 00:00:00,"LaCrosse, Wisconsin",0.0,-0.09999999999999964,1.0999999999999979,1.0000000000000036,0.1999999999999993,0.20000000000000107,0.3000000000000007,0.3500000000000014,0.1999999999999993,0.10000000000000142,0.0,0.15000000000000213,1.5,0.0,1.5,1.0706598499999984,-2.3748384041795845,1.0,140.59027067658357
107,1.0,Colts,1 days 00:00:00,"LaCrosse, Wisconsin",0.0,-0.3000000000000007,0.9000000000000004,0.6000000000000014,0.0,0.29999999999999893,-0.10000000000000142,0.10000000000000142,0.09999999999999964,0.20000000000000107,-0.09999999999999964,0.10000000000000142,0.8000000000000114,0.0,0.8000000000000114,1.0706598499999984,-2.3748384041795845,1.0,140.59027067658357
108,4.0,Blue Stars,2 days 00:00:00,"LaCrosse, Wisconsin",3.0,0.1999999999999993,0.5,0.6999999999999993,0.29999999999999893,0.40000000000000036,0.3000000000000007,0.5,0.40000000000000036,0.0,0.10000000000000142,0.25,1.4500000000000028,0.0,1.4500000000000028,1.6329075499999988,-2.0101403041795862,2.0,151.8107311550709
109,1.0,Madison Scouts,1 days 00:00:00,"LaCrosse, Wisconsin",-4.0,0.3000000000000007,0.0,0.3000000000000007,0.3000000000000007,0.10000000000000142,0.3000000000000007,0.34999999999999787,0.10000000000000142,0.1999999999999993,-0.3000000000000007,0.0,0.6500000000000057,0.0,0.6500000000000057,1.0706598499999984,-2.3748384041795845,1.0,140.59027067658357
110,4.0,River City Rhythm,2 days 00:00:00,"LaCrosse, Wisconsin",0.0,-0.09999999999999964,-0.3000000000000007,-0.3999999999999986,0.5,-0.3000000000000007,1.0,0.6000000000000014,0.3000000000000007,-0.29999999999999893,0.6000000000000014,0.3000000000000007,0.5,0.0,0.5,1.6329075499999988,-2.0101403041795862,2.0,151.8107311550709
111,4.0,Blue Devils,1 days 00:00:00,"Sacramento, California",-1.0,-0.10000000000000142,0.1999999999999993,0.10000000000000142,0.1999999999999993,0.6000000000000014,0.3000000000000007,0.5500000000000007,0.3000000000000007,-0.3000000000000007,0.1999999999999993,0.09999999999999787,0.75,0.0,0.75,1.1535936000000007,0.6763495000000006,1.0,87.70748061592464
112,4.0,Mandarins,1 days 00:00:00,"Sacramento, California",1.0,0.5000000000000018,0.8000000000000007,1.3000000000000007,0.40000000000000036,0.6000000000000014,-0.09999999999999964,0.45000000000000284,0.3000000000000007,-0.3000000000000007,0.09999999999999964,0.05000000000000071,1.8000000000000114,0.0,1.8000000000000114,1.1535936000000007,0.6763495000000006,1.0,87.70748061592464
113,4.0,Santa Clara Vanguard,1 days 00:00:00,"Sacramento, California",0.0,0.3000000000000007,0.7000000000000011,1.0,0.9000000000000004,0.3000000000000007,-0.09999999999999964,0.5500000000000007,0.29999999999999893,-0.6999999999999993,0.10000000000000142,-0.14999999999999858,1.4000000000000057,0.0,1.4000000000000057,1.1535936000000007,0.6763495000000006,1.0,87.70748061592464
114,4.0,Pacific Crest,1 days 00:00:00,"Sacramento, California",-1.0,-0.5999999999999996,1.1000000000000014,0.5,-0.7999999999999989,1.0,-0.20000000000000107,0.0,0.1999999999999993,-0.5999999999999996,0.09999999999999964,-0.15000000000000213,0.3499999999999943,0.0,0.3499999999999943,1.1535936000000007,0.6763495000000006,1.0,87.70748061592464
115,4.0,The Academy,1 days 00:00:00,"Sacramento, California",1.0,-0.6999999999999993,1.4000000000000004,0.6999999999999993,0.09999999999999964,1.5,0.0,0.8000000000000007,0.1999999999999993,-0.9000000000000004,-0.09999999999999964,-0.3999999999999986,1.0999999999999943,0.0,1.0999999999999943,1.1535936000000007,0.6763495000000006,1.0,87.70748061592464
116,4.0,Blue Devils B,1 days 00:00:00,"Sacramento, California",0.0,1.0999999999999996,0.7999999999999989,1.9000000000000021,0.5999999999999996,-0.20000000000000107,0.40000000000000036,0.40000000000000213,-1.1999999999999993,0.6999999999999993,0.09999999999999964,-0.1999999999999993,2.0999999999999943,0.0,2.0999999999999943,1.1535936000000007,0.6763495000000006,1.0,87.70748061592464
117,4.0,Gold,1 days 00:00:00,"Sacramento, California",0.0,1.6000000000000014,0.40000000000000036,2.0,0.29999999999999893,-0.5,0.0,-0.09999999999999787,-0.8999999999999986,0.5,0.1999999999999993,-0.10000000000000142,1.7999999999999972,0.0,1.7999999999999972,1.1535936000000007,0.6763495000000006,1.0,87.70748061592464
118,4.0,Impulse,1 days 00:00:00,"Sacramento, California",0.0,1.5999999999999996,-0.40000000000000036,1.2000000000000028,-0.3000000000000007,-0.5,0.0,-0.40000000000000213,-0.7999999999999989,0.7000000000000011,-0.09999999999999964,-0.09999999999999787,0.7000000000000028,0.0,0.7000000000000028,1.1535936000000007,0.6763495000000006,1.0,87.70748061592464
119,4.0,Golden Empire,1 days 00:00:00,"Sacramento, California",0.0,0.8000000000000007,-0.40000000000000036,0.3999999999999986,0.0,0.40000000000000036,0.40000000000000036,0.3999999999999986,-0.3999999999999986,1.0,0.0,0.3000000000000007,1.1000000000000014,0.0,1.1000000000000014,1.1535936000000007,0.6763495000000006,1.0,87.70748061592464
120,4.0,Blue Devils C,1 days 00:00:00,"Sacramento, California",-4.0,-0.1999999999999993,-0.29999999999999893,-0.5,-0.6999999999999993,0.20000000000000107,0.5999999999999996,0.05000000000000071,0.0,0.3999999999999986,0.3999999999999986,0.40000000000000036,-0.04999999999999716,0.0,-0.04999999999999716,1.1535936000000007,0.6763495000000006,1.0,87.70748061592464
121,4.0,Troopers,2 days 00:00:00,"Kennewick, Washington",2.0,0.40000000000000036,0.1999999999999993,0.6000000000000014,0.40000000000000036,1.3000000000000007,0.6999999999999993,1.2000000000000028,0.9000000000000004,0.20000000000000107,1.0,1.0500000000000007,2.8499999999999943,0.0,2.8499999999999943,-1.395125499999999,3.210143000000002,2.0,179.93064788274532
122,4.0,Blue Knights,2 days 00:00:00,"Kennewick, Washington",0.0,0.7000000000000011,-0.1999999999999993,0.5,0.1999999999999993,0.6999999999999993,0.5,0.6999999999999993,0.5999999999999996,0.6999999999999993,0.6000000000000014,0.9499999999999993,2.1500000000000057,0.0,2.1500000000000057,-1.395125499999999,3.210143000000002,2.0,179.93064788274532
123,4.0,Seattle Cascades,2 days 00:00:00,"Kennewick, Washington",-2.0,0.5,0.20000000000000107,0.6999999999999993,0.7000000000000011,1.0,-0.09999999999999964,0.7999999999999972,0.3999999999999986,-0.20000000000000107,-0.20000000000000107,0.0,1.5,0.0,1.5,-1.395125499999999,3.210143000000002,2.0,179.93064788274532
124,4.0,Columbians,2 days 00:00:00,"Kennewick, Washington",0.0,-0.1999999999999993,-0.6999999999999993,-0.9000000000000021,0.3999999999999986,1.200000000000001,-0.3000000000000007,0.6500000000000021,0.40000000000000036,-0.6999999999999993,0.09999999999999964,-0.10000000000000142,-0.3500000000000085,0.0,-0.3500000000000085,-1.395125499999999,3.210143000000002,2.0,179.93064788274532
125,11.0,Carolina Crown,6 days 00:00:00,"Sevierville, Tennessee",1.0,0.8000000000000007,1.1999999999999993,1.9999999999999964,1.0999999999999996,1.4000000000000004,1.0,1.75,0.3999999999999986,2.1999999999999993,0.8999999999999986,1.75,5.5,0.0,5.5,-3.491913100000005,0.7481039999999979,6.0,244.29093275827773
126,,Crossmen,,"Sevierville, Tennessee",,,,,,,,,,,,,,,,,,,
127,,Spirit of Atlanta,,"Sevierville, Tennessee",,,,,,,,,,,,,,,,,,,
128,,Music City,,"Sevierville, Tennessee",,,,,,,,,,,,,,,,,,,
129,15.0,Spartans,9 days 00:00:00,"Sevierville, Tennessee",-1.0,1.0999999999999996,1.0999999999999996,2.1999999999999993,3.5,-0.1999999999999993,0.5999999999999996,1.9499999999999993,2.0,1.0,1.3999999999999986,2.1999999999999993,6.350000000000001,0.0,6.350000000000001,-5.452245750000003,-10.478180089316197,9.0,679.7900150124752
130,3.0,Mandarins,2 days 00:00:00,"Boise, Idaho",-2.0,0.1999999999999993,0.10000000000000142,0.29999999999999716,0.5,0.5,1.0,1.0,0.5999999999999996,0.40000000000000036,-0.40000000000000036,0.3000000000000007,1.5999999999999943,0.0,1.5999999999999943,5.035555699999996,5.293008999999998,2.0,443.7397389712558
131,2.0,Troopers,1 days 00:00:00,"Boise, Idaho",-1.0,0.0,0.09999999999999964,0.09999999999999787,-0.20000000000000107,-0.20000000000000107,-0.09999999999999964,-0.25,0.3000000000000007,0.09999999999999964,-1.1999999999999993,-0.40000000000000213,-0.5499999999999972,0.0,-0.5499999999999972,-2.5920903000000024,2.919032999999999,1.0,229.2086543011827
132,2.0,Blue Knights,1 days 00:00:00,"Boise, Idaho",-1.0,0.0,0.09999999999999964,0.10000000000000142,-0.5999999999999996,0.3000000000000007,-1.0,-0.6499999999999986,0.40000000000000036,0.10000000000000142,-1.200000000000001,-0.3500000000000014,-0.9000000000000057,0.0,-0.9000000000000057,-2.5920903000000024,2.919032999999999,1.0,229.2086543011827
133,2.0,Seattle Cascades,1 days 00:00:00,"Boise, Idaho",3.0,0.29999999999999893,0.0,0.3000000000000007,-1.1000000000000014,1.0,2.5,1.2000000000000028,0.40000000000000036,0.20000000000000107,-0.29999999999999893,0.14999999999999858,1.6499999999999986,0.0,1.6499999999999986,-2.5920903000000024,2.919032999999999,1.0,229.2086543011827
134,5.0,Phantom Regiment,2 days 00:00:00,"Mankato, Minnesota",1.0,0.5,-0.5,0.0,0.10000000000000142,0.5,0.3999999999999986,0.5,0.20000000000000107,0.1999999999999993,0.10000000000000142,0.25,0.75,0.0,0.75,0.25916425000000487,-2.8952441958204247,2.0,145.30852685982381
135,5.0,Colts,2 days 00:00:00,"Mankato, Minnesota",-1.0,0.6999999999999993,-0.9000000000000004,-0.1999999999999993,0.1999999999999993,0.40000000000000036,0.40000000000000036,0.5,0.0,0.09999999999999964,-0.09999999999999964,0.0,0.29999999999999716,0.0,0.29999999999999716,0.25916425000000487,-2.8952441958204247,2.0,145.30852685982381
136,5.0,Madison Scouts,2 days 00:00:00,"Mankato, Minnesota",0.0,0.5,0.10000000000000142,0.6000000000000014,0.3000000000000007,0.6999999999999993,0.3000000000000007,0.6500000000000021,0.29999999999999893,0.40000000000000036,0.40000000000000036,0.5500000000000007,1.7999999999999972,0.0,1.7999999999999972,0.25916425000000487,-2.8952441958204247,2.0,145.30852685982381
137,5.0,River City Rhythm,2 days 00:00:00,"Mankato, Minnesota",1.0,1.5999999999999996,1.0,2.599999999999998,0.0,0.3000000000000007,1.1999999999999993,0.75,0.5,1.5,0.3999999999999986,1.1999999999999993,4.550000000000004,0.0,4.550000000000004,0.25916425000000487,-2.8952441958204247,2.0,145.30852685982381
138,6.0,Colt Cadets,3 days 00:00:00,"Mankato, Minnesota",0.0,-0.20000000000000107,0.40000000000000036,0.20000000000000284,0.40000000000000036,-0.10000000000000142,0.8000000000000007,0.5500000000000007,1.1000000000000014,0.09999999999999964,-2.8000000000000007,-0.8000000000000007,-0.04999999999999716,0.0,-0.04999999999999716,1.3298241000000033,-5.270082600000009,3.0,280.2487995724255
139,18.0,Govenaires,10 days 00:00:00,"Mankato, Minnesota",0.0,0.09999999999999964,1.4000000000000004,1.5,0.3999999999999986,0.5,0.6000000000000014,0.75,0.5,0.5999999999999996,0.5,0.8000000000000007,3.049999999999997,0.0,3.049999999999997,1.0887053000000009,-4.615589200000002,10.0,243.35248988394554
140,14.0,Boston Crusaders,7 days 00:00:00,"Newnan, Georgia",1.0,0.8999999999999986,1.3000000000000007,2.1999999999999993,1.0999999999999979,1.5,1.3000000000000007,1.9500000000000028,1.0999999999999996,2.200000000000001,1.3000000000000007,2.25,6.450000000000003,0.0,6.450000000000003,-5.979387000000003,-0.48971830000000693,7.0,413.18708077316455
141,3.0,Crossmen,1 days 00:00:00,"Newnan, Georgia",-1.0,0.5,0.1999999999999993,0.6999999999999993,0.3000000000000007,0.1999999999999993,0.1999999999999993,0.3500000000000014,0.0,0.0,0.6000000000000014,0.3000000000000007,1.3499999999999943,0.0,1.3499999999999943,-2.4874738999999977,-1.2378223000000048,1.0,185.39946521193528
142,3.0,Spirit of Atlanta,1 days 00:00:00,"Newnan, Georgia",2.0,0.1999999999999993,0.0,0.1999999999999993,0.09999999999999964,0.09999999999999964,0.10000000000000142,0.15000000000000213,0.5,-0.20000000000000107,1.0,0.6500000000000021,1.0,0.0,1.0,-2.4874738999999977,-1.2378223000000048,1.0,185.39946521193528
143,3.0,Music City,1 days 00:00:00,"Newnan, Georgia",0.0,0.1999999999999993,0.09999999999999964,0.29999999999999716,-0.10000000000000142,-0.09999999999999964,0.20000000000000107,0.0,0.5,0.09999999999999964,1.4000000000000004,1.0,1.2999999999999972,0.0,1.2999999999999972,-2.4874738999999977,-1.2378223000000048,1.0,185.39946521193528
144,3.0,Spartans,1 days 00:00:00,"Newnan, Georgia",0.0,0.20000000000000107,0.3000000000000007,0.5,0.09999999999999964,0.09999999999999964,0.7999999999999989,0.5,0.5999999999999996,0.3999999999999986,0.8000000000000007,0.9000000000000021,1.9000000000000057,0.0,1.9000000000000057,-2.4874738999999977,-1.2378223000000048,1.0,185.39946521193528
145,,Atlanta CV,,"Newnan, Georgia",,,,,,,,,,,,,,,,,,,
146,6.0,Blue Devils,3 days 00:00:00,"Ogden, Utah",3.0,0.10000000000000142,0.7000000000000028,0.8000000000000043,0.3000000000000007,-0.5,0.5,0.14999999999999858,0.6000000000000014,0.6000000000000014,0.8000000000000007,1.0,1.9500000000000028,0.0,1.9500000000000028,2.6419441999999975,9.520052100000001,3.0,537.3476747641452
147,3.0,Mandarins,1 days 00:00:00,"Ogden, Utah",3.0,-0.5,0.09999999999999787,-0.3999999999999986,0.09999999999999964,-0.6000000000000014,-0.1999999999999993,-0.3500000000000014,-0.3000000000000007,0.40000000000000036,1.200000000000001,0.6499999999999986,-0.09999999999999432,0.0,-0.09999999999999432,-2.3936114999999987,4.227043100000003,1.0,272.0190944124707
148,6.0,Santa Clara Vanguard,3 days 00:00:00,"Ogden, Utah",0.0,0.5,0.1999999999999993,0.6999999999999993,0.20000000000000107,0.1999999999999993,1.0,0.6999999999999993,0.20000000000000107,0.8000000000000007,0.5,0.75,2.1500000000000057,0.0,2.1500000000000057,2.6419441999999975,9.520052100000001,3.0,537.3476747641452
149,3.0,Troopers,1 days 00:00:00,"Ogden, Utah",3.0,0.3000000000000007,0.0,0.3000000000000007,0.5,-0.29999999999999893,-0.3000000000000007,-0.05000000000000071,0.0,0.5999999999999996,1.8000000000000007,1.2000000000000028,1.4500000000000028,0.0,1.4500000000000028,-2.3936114999999987,4.227043100000003,1.0,272.0190944124707
150,3.0,Blue Knights,1 days 00:00:00,"Ogden, Utah",7.0,0.0,0.09999999999999964,0.09999999999999787,0.40000000000000036,-0.3000000000000007,0.09999999999999964,0.10000000000000142,-0.40000000000000036,0.5,1.9000000000000004,1.0,1.2000000000000028,0.0,1.2000000000000028,-2.3936114999999987,4.227043100000003,1.0,272.0190944124707
151,6.0,Pacific Crest,3 days 00:00:00,"Ogden, Utah",2.0,-0.09999999999999964,0.0,-0.09999999999999787,1.0,-1.200000000000001,1.3000000000000007,0.5500000000000007,-0.5999999999999996,0.5,0.40000000000000036,0.15000000000000213,0.6000000000000085,0.0,0.6000000000000085,2.6419441999999975,9.520052100000001,3.0,537.3476747641452
152,6.0,The Academy,3 days 00:00:00,"Ogden, Utah",0.0,0.5999999999999996,0.1999999999999993,0.8000000000000007,2.0,-1.0,0.20000000000000107,0.5999999999999979,0.09999999999999964,0.6999999999999993,1.0999999999999996,0.9499999999999993,2.3500000000000085,0.0,2.3500000000000085,2.6419441999999975,9.520052100000001,3.0,537.3476747641452
153,3.0,Seattle Cascades,1 days 00:00:00,"Ogden, Utah",-2.0,-0.5,0.0,-0.5,1.5,-0.5,-1.8000000000000007,-0.40000000000000213,-0.1999999999999993,0.29999999999999893,-0.09999999999999964,0.0,-0.8999999999999986,0.0,-0.8999999999999986,-2.3936114999999987,4.227043100000003,1.0,272.0190944124707
154,,The Battalion,,"Ogden, Utah",,,,,,,,,,,,,,,,,,,
155,3.0,Phantom Regiment,2 days 00:00:00,"Dubuque, Iowa",0.0,0.09999999999999787,0.20000000000000284,0.29999999999999716,0.3999999999999986,0.09999999999999787,0.3000000000000007,0.3999999999999986,0.8000000000000007,0.09999999999999787,0.6999999999999993,0.7999999999999972,1.5,0.0,1.5,-1.6628420000000048,3.334552000000002,2.0,203.47882890516303
156,9.0,The Cavaliers,5 days 00:00:00,"Dubuque, Iowa",1.0,0.0,0.6000000000000014,0.5999999999999979,-0.09999999999999964,0.40000000000000036,0.0,0.15000000000000213,0.9000000000000004,-0.09999999999999964,-0.3999999999999986,0.1999999999999993,0.9499999999999886,0.0,0.9499999999999886,-0.33301790000000153,-1.935530600000007,5.0,101.23721419304033
157,3.0,Colts,2 days 00:00:00,"Dubuque, Iowa",2.0,-0.09999999999999964,0.20000000000000107,0.09999999999999787,0.5,0.0,-0.29999999999999893,0.09999999999999787,0.8000000000000007,0.1999999999999993,0.8999999999999986,0.9499999999999993,1.1499999999999915,0.0,1.1499999999999915,-1.6628420000000048,3.334552000000002,2.0,203.47882890516303
158,8.0,Blue Stars,4 days 00:00:00,"Dubuque, Iowa",-4.0,0.40000000000000036,0.3000000000000007,0.7000000000000028,1.0000000000000018,0.29999999999999893,0.1999999999999993,0.75,0.8999999999999986,0.40000000000000036,0.8000000000000007,1.0500000000000007,2.5,0.0,2.5,-1.40367775,0.4393078041795775,4.0,99.40586703167037
159,3.0,River City Rhythm,2 days 00:00:00,"Dubuque, Iowa",-1.0,-1.3000000000000007,1.1000000000000014,-0.1999999999999993,0.0,1.0,0.20000000000000107,0.6000000000000014,-0.5,-1.6000000000000014,0.10000000000000142,-1.0,-0.6000000000000085,0.0,-0.6000000000000085,-1.6628420000000048,3.334552000000002,2.0,203.47882890516303
160,3.0,Colt Cadets,2 days 00:00:00,"Dubuque, Iowa",1.0,-0.1999999999999993,0.0,-0.20000000000000284,-0.09999999999999964,0.10000000000000142,0.1999999999999993,0.09999999999999787,-0.3000000000000007,-0.40000000000000036,0.8000000000000007,0.05000000000000071,-0.05000000000000426,0.0,-0.05000000000000426,-1.6628420000000048,3.334552000000002,2.0,203.47882890516303
161,3.0,Boston Crusaders,2 days 00:00:00,"Muscle Shoals, Alabama",1.0,0.3000000000000007,0.3999999999999986,0.7000000000000028,-0.09999999999999787,0.40000000000000213,0.29999999999999716,0.29999999999999716,0.5,-0.10000000000000142,-0.10000000000000142,0.1999999999999993,1.1499999999999915,0.0,1.1499999999999915,1.363007500000002,-2.8536041999999924,2.0,188.7222907420516
162,3.0,Crossmen,2 days 00:00:00,"Muscle Shoals, Alabama",0.0,0.1999999999999993,0.1999999999999993,0.40000000000000213,-0.09999999999999964,0.40000000000000036,0.3000000000000007,0.29999999999999716,0.0,0.8000000000000007,-0.8000000000000007,0.0,0.7000000000000028,0.0,0.7000000000000028,1.363007500000002,-2.8536041999999924,2.0,188.7222907420516
163,3.0,Spirit of Atlanta,2 days 00:00:00,"Muscle Shoals, Alabama",-1.0,0.20000000000000107,-0.09999999999999964,0.10000000000000142,-0.5,0.09999999999999964,0.29999999999999893,-0.05000000000000071,0.3000000000000007,1.6000000000000014,-0.9000000000000004,0.5,0.5499999999999972,0.0,0.5499999999999972,1.363007500000002,-2.8536041999999924,2.0,188.7222907420516
164,3.0,Music City,2 days 00:00:00,"Muscle Shoals, Alabama",0.0,0.40000000000000036,0.40000000000000036,0.8000000000000007,-0.29999999999999893,0.3000000000000007,0.40000000000000036,0.1999999999999993,0.5,0.8000000000000007,-1.1999999999999993,0.05000000000000071,1.0499999999999972,0.0,1.0499999999999972,1.363007500000002,-2.8536041999999924,2.0,188.7222907420516
165,3.0,Spartans,2 days 00:00:00,"Muscle Shoals, Alabama",0.0,0.29999999999999893,-0.09999999999999964,0.1999999999999993,0.0,0.5,0.6000000000000014,0.5500000000000007,0.3000000000000007,-0.09999999999999964,-1.3000000000000007,-0.5500000000000007,0.19999999999998863,0.0,0.19999999999998863,1.363007500000002,-2.8536041999999924,2.0,188.7222907420516
166,3.0,Troopers,2 days 00:00:00,"Cheyenne, Wyoming",0.0,0.1999999999999993,0.40000000000000036,0.6000000000000014,0.3000000000000007,0.7999999999999989,0.20000000000000107,0.6499999999999986,0.5999999999999979,0.3000000000000007,0.09999999999999787,0.5,1.75,0.0,1.75,-0.08302379999999943,7.153596899999997,2.0,372.89523481846044
167,3.0,Pacific Crest,2 days 00:00:00,"Cheyenne, Wyoming",-1.0,0.5999999999999996,0.09999999999999964,0.6999999999999993,0.29999999999999893,1.4000000000000004,0.6999999999999993,1.1999999999999993,1.4000000000000004,0.3000000000000007,0.09999999999999964,0.8999999999999986,2.799999999999997,0.0,2.799999999999997,-0.08302379999999943,7.153596899999997,2.0,372.89523481846044
168,3.0,The Academy,2 days 00:00:00,"Cheyenne, Wyoming",1.0,0.09999999999999964,-0.09999999999999964,0.0,-0.09999999999999964,1.0999999999999996,0.6999999999999993,0.8500000000000014,-0.8999999999999986,0.9000000000000004,0.0,0.0,0.8499999999999943,0.0,0.8499999999999943,-0.08302379999999943,7.153596899999997,2.0,372.89523481846044
169,,Genesis,,"Cheyenne, Wyoming",,,,,,,,,,,,,,,,,,,
170,3.0,Seattle Cascades,2 days 00:00:00,"Cheyenne, Wyoming",-1.0,0.20000000000000107,-0.20000000000000107,0.0,-1.0,0.09999999999999964,0.9000000000000004,0.0,-0.3000000000000007,0.0,0.8999999999999986,0.3000000000000007,0.30000000000000426,0.0,0.30000000000000426,-0.08302379999999943,7.153596899999997,2.0,372.89523481846044
171,3.0,The Battalion,2 days 00:00:00,"Cheyenne, Wyoming",0.0,0.5999999999999996,0.09999999999999964,0.6999999999999993,-0.40000000000000036,1.0,0.7000000000000011,0.6499999999999986,0.09999999999999964,0.3000000000000007,0.8000000000000007,0.6000000000000014,1.9500000000000028,0.0,1.9500000000000028,-0.08302379999999943,7.153596899999997,2.0,372.89523481846044
172,10.0,Blue Devils B,5 days 00:00:00,"Riverside, California",-1.0,0.3000000000000007,0.20000000000000107,0.5,1.799999999999999,0.40000000000000036,1.8000000000000007,2.0,1.5999999999999996,0.3000000000000007,0.3000000000000007,1.1000000000000014,3.6000000000000085,0.0,3.6000000000000085,-4.859061500000003,5.456647799999999,5.0,452.95974368762836
173,10.0,Gold,5 days 00:00:00,"Riverside, California",1.0,0.1999999999999993,0.09999999999999964,0.29999999999999716,1.9000000000000004,0.5,1.5999999999999996,2.0,0.7999999999999989,0.5,0.5,0.9000000000000021,3.200000000000003,0.0,3.200000000000003,-4.859061500000003,5.456647799999999,5.0,452.95974368762836
174,10.0,Impulse,5 days 00:00:00,"Riverside, California",1.0,0.10000000000000142,0.40000000000000036,0.5,1.9000000000000004,0.09999999999999964,1.4000000000000004,1.7000000000000028,1.5,0.29999999999999893,0.7000000000000011,1.25,3.4499999999999957,0.0,3.4499999999999957,-4.859061500000003,5.456647799999999,5.0,452.95974368762836
175,10.0,Golden Empire,5 days 00:00:00,"Riverside, California",-2.0,0.5,0.0,0.5,1.200000000000001,0.0,0.5999999999999996,0.8999999999999986,0.3999999999999986,-0.09999999999999964,0.5,0.3999999999999986,1.7999999999999972,0.0,1.7999999999999972,-4.859061500000003,5.456647799999999,5.0,452.95974368762836
176,14.0,Vessel,6 days 00:00:00,"Riverside, California",1.0,0.5,1.0,1.5,0.6999999999999993,0.9000000000000004,0.6999999999999993,1.1499999999999986,0.7000000000000011,0.3000000000000007,1.5999999999999996,1.3000000000000007,3.9499999999999957,0.0,3.9499999999999957,-3.705467900000002,6.1329972999999995,6.0,429.4689356975417
177,,Jersey Surf,,"Clifton, New Jersey",,,,,,,,,,,,,,,,,,,
178,24.0,Reading Buccaneers,14 days 00:00:00,"Clifton, New Jersey",0.0,2.0,1.8000000000000007,3.799999999999997,0.8999999999999986,3.4000000000000004,2.299999999999999,3.3000000000000007,1.0,1.1999999999999993,1.3999999999999986,1.8000000000000007,8.899999999999991,0.0,8.899999999999991,-0.46195844999999736,-1.0801003893162004,14.0,64.77655470097135
179,24.0,Bushwackers Drum Corps,14 days 00:00:00,"Clifton, New Jersey",0.0,2.3000000000000007,2.3000000000000007,4.600000000000001,0.9000000000000004,3.3000000000000007,2.5000000000000018,3.3500000000000014,0.3999999999999986,1.3000000000000007,1.5000000000000018,1.6000000000000014,9.549999999999997,0.0,9.549999999999997,-0.46195844999999736,-1.0801003893162004,14.0,64.77655470097135
180,24.0,Hawthorne Caballeros,14 days 00:00:00,"Clifton, New Jersey",2.0,1.1999999999999993,1.5000000000000018,2.6999999999999993,1.0,3.0000000000000018,1.6999999999999993,2.849999999999998,1.0999999999999996,1.0999999999999979,2.0,2.1000000000000014,7.650000000000006,0.0,7.650000000000006,-0.46195844999999736,-1.0801003893162004,14.0,64.77655470097135
181,24.0,Hurricanes,14 days 00:00:00,"Clifton, New Jersey",-2.0,2.3000000000000007,1.5,3.8000000000000007,2.200000000000001,2.6999999999999993,2.400000000000002,3.650000000000002,1.0999999999999996,1.1999999999999993,2.0999999999999996,2.1999999999999993,9.650000000000006,0.0,9.650000000000006,-0.46195844999999736,-1.0801003893162004,14.0,64.77655470097135
182,24.0,Fusion Core,14 days 00:00:00,"Clifton, New Jersey",0.0,2.3000000000000007,1.799999999999999,4.100000000000001,-0.5999999999999996,2.1999999999999993,1.9000000000000004,1.75,0.40000000000000036,1.6999999999999993,0.9000000000000004,1.5,7.3500000000000085,0.0,7.3500000000000085,-0.46195844999999736,-1.0801003893162004,14.0,64.77655470097135
183,24.0,Sunrisers,14 days 00:00:00,"Clifton, New Jersey",0.0,1.5,2.0,3.5,0.3999999999999986,1.700000000000001,1.299999999999999,1.6999999999999993,0.5999999999999996,0.09999999999999964,0.5999999999999996,0.6499999999999986,5.849999999999994,0.0,5.849999999999994,-0.46195844999999736,-1.0801003893162004,14.0,64.77655470097135
184,6.0,Blue Devils,3 days 00:00:00,"Fort Collins, Colorado",1.0,0.3999999999999986,0.1999999999999993,0.5999999999999943,0.8000000000000007,0.5,0.8000000000000007,1.0500000000000007,0.0,0.10000000000000142,-0.3000000000000007,-0.09999999999999787,1.5499999999999972,0.0,1.5499999999999972,-0.6358266000000015,6.896831599999999,3.0,363.63443837509527
185,6.0,Santa Clara Vanguard,3 days 00:00:00,"Fort Collins, Colorado",0.0,0.5999999999999996,0.3000000000000007,0.8999999999999986,0.6999999999999993,0.5000000000000018,0.6999999999999993,0.9499999999999993,0.5999999999999996,-0.10000000000000142,0.5,0.5,2.3499999999999943,0.0,2.3499999999999943,-0.6358266000000015,6.896831599999999,3.0,363.63443837509527
186,6.0,Mandarins,3 days 00:00:00,"Fort Collins, Colorado",1.0,0.3999999999999986,0.40000000000000213,0.7999999999999972,0.3999999999999986,0.5,0.5999999999999979,0.75,-0.09999999999999787,0.3000000000000007,0.3000000000000007,0.25,1.7999999999999972,0.0,1.7999999999999972,-0.6358266000000015,6.896831599999999,3.0,363.63443837509527
187,3.0,Troopers,1 days 00:00:00,"Fort Collins, Colorado",1.0,0.0,-0.1999999999999993,-0.20000000000000284,-0.09999999999999964,-0.29999999999999893,0.09999999999999964,-0.14999999999999858,-0.1999999999999993,0.0,-0.3999999999999986,-0.3000000000000007,-0.6500000000000057,0.0,-0.6500000000000057,-0.552802800000002,-0.25676529999999786,1.0,40.44771493739873
188,6.0,Blue Knights,3 days 00:00:00,"Fort Collins, Colorado",1.0,-0.40000000000000036,0.8000000000000007,0.40000000000000213,0.1999999999999993,0.1999999999999993,0.9000000000000004,0.6499999999999986,-0.1999999999999993,0.0,-1.0,-0.5999999999999979,0.45000000000000284,0.0,0.45000000000000284,-0.6358266000000015,6.896831599999999,3.0,363.63443837509527
189,3.0,Pacific Crest,1 days 00:00:00,"Fort Collins, Colorado",2.0,0.5999999999999996,-0.20000000000000107,0.3999999999999986,-0.1999999999999993,-0.3000000000000007,-0.3999999999999986,-0.4499999999999993,-0.5,0.1999999999999993,-0.3999999999999986,-0.3500000000000014,-0.4000000000000057,0.0,-0.4000000000000057,-0.552802800000002,-0.25676529999999786,1.0,40.44771493739873
190,3.0,The Academy,1 days 00:00:00,"Fort Collins, Colorado",0.0,0.5,0.40000000000000036,0.8999999999999986,0.29999999999999893,-0.29999999999999893,0.5999999999999996,0.3000000000000007,0.5,-0.29999999999999893,-1.0,-0.3999999999999986,0.7999999999999972,0.0,0.7999999999999972,-0.552802800000002,-0.25676529999999786,1.0,40.44771493739873
191,3.0,Genesis,1 days 00:00:00,"Fort Collins, Colorado",1.0,0.09999999999999964,0.29999999999999893,0.3999999999999986,-0.1999999999999993,0.09999999999999964,-0.5,-0.29999999999999716,-0.9000000000000004,0.9000000000000004,-0.1999999999999993,-0.10000000000000142,0.0,0.0,0.0,-0.552802800000002,-0.25676529999999786,1.0,40.44771493739873
192,3.0,Seattle Cascades,1 days 00:00:00,"Fort Collins, Colorado",1.0,-0.10000000000000142,0.20000000000000107,0.10000000000000142,0.20000000000000107,0.0,0.20000000000000107,0.1999999999999993,0.09999999999999964,0.6000000000000014,-0.6999999999999993,0.0,0.29999999999999716,0.0,0.29999999999999716,-0.552802800000002,-0.25676529999999786,1.0,40.44771493739873
193,3.0,The Battalion,1 days 00:00:00,"Fort Collins, Colorado",0.0,0.1999999999999993,0.20000000000000107,0.3999999999999986,-0.3000000000000007,-0.1999999999999993,0.1999999999999993,-0.14999999999999858,0.29999999999999893,-0.6000000000000014,-1.5,-0.9000000000000021,-0.6500000000000057,0.0,-0.6500000000000057,-0.552802800000002,-0.25676529999999786,1.0,40.44771493739873
194,14.0,Bluecoats,6 days 00:00:00,"DeKalb, Illinois",1.0,0.6999999999999993,-0.10000000000000142,0.6000000000000014,1.0,0.6999999999999993,1.1999999999999993,1.4499999999999993,1.3000000000000007,1.0,0.8999999999999986,1.5999999999999979,3.6499999999999915,0.0,3.6499999999999915,-2.0139573499999983,2.332711004179586,6.0,182.58286540218305
195,6.0,Phantom Regiment,2 days 00:00:00,"DeKalb, Illinois",3.0,0.40000000000000213,0.3999999999999986,0.7999999999999972,0.3999999999999986,0.1999999999999993,0.0,0.3000000000000007,0.6999999999999993,0.40000000000000213,0.3999999999999986,0.75,1.8499999999999943,0.0,1.8499999999999943,-0.6102795999999984,1.8934032000000087,2.0,105.90850641402197
196,6.0,The Cavaliers,2 days 00:00:00,"DeKalb, Illinois",1.0,0.5999999999999996,-0.10000000000000142,0.5,0.5,-0.09999999999999964,0.7999999999999989,0.5999999999999979,0.1999999999999993,0.5999999999999996,0.0,0.3999999999999986,1.5,0.0,1.5,-0.6102795999999984,1.8934032000000087,2.0,105.90850641402197
197,6.0,Blue Stars,2 days 00:00:00,"DeKalb, Illinois",1.0,0.09999999999999964,-0.1999999999999993,-0.10000000000000142,0.0,-0.09999999999999964,0.8000000000000007,0.34999999999999787,0.3000000000000007,0.29999999999999893,0.5999999999999979,0.5999999999999979,0.8500000000000085,0.0,0.8500000000000085,-0.6102795999999984,1.8934032000000087,2.0,105.90850641402197
198,6.0,Colts,2 days 00:00:00,"DeKalb, Illinois",0.0,-0.5,0.1999999999999993,-0.29999999999999716,0.5,-0.09999999999999964,0.8000000000000007,0.6000000000000014,0.6999999999999993,0.3000000000000007,-0.09999999999999787,0.4499999999999993,0.75,0.0,0.75,-0.6102795999999984,1.8934032000000087,2.0,105.90850641402197
199,9.0,Madison Scouts,4 days 00:00:00,"DeKalb, Illinois",0.0,-0.7000000000000011,0.1999999999999993,-0.5,0.5,-0.6999999999999993,0.6999999999999993,0.25,0.7000000000000011,0.3000000000000007,-0.9000000000000004,0.05000000000000071,-0.20000000000000284,0.0,-0.20000000000000284,-2.273121600000003,5.227955200000011,4.0,307.6838582051596
200,5.0,Spartans,2 days 00:00:00,"DeKalb, Illinois",0.0,-0.1999999999999993,0.09999999999999964,-0.10000000000000142,0.10000000000000142,0.3000000000000007,0.3999999999999986,0.3999999999999986,0.5,-0.29999999999999893,-0.1999999999999993,0.0,0.30000000000001137,0.0,0.30000000000001137,7.146665599999999,-1.1181337999999954,2.0,496.65052696043955
201,6.0,Boston Crusaders,2 days 00:00:00,"Little Rock, Arkansas",0.0,0.0,-0.3999999999999986,-0.4000000000000057,0.5999999999999979,0.0,0.10000000000000142,0.3500000000000014,0.1999999999999993,-0.6999999999999993,0.8000000000000007,0.15000000000000213,0.10000000000000853,0.0,0.10000000000000853,0.002828000000000941,-4.6363652,2.0,263.7820903784106
202,12.0,Carolina Crown,5 days 00:00:00,"Little Rock, Arkansas",1.0,0.5999999999999979,-0.09999999999999787,0.5,0.40000000000000213,0.6999999999999993,0.5,0.7999999999999972,1.3000000000000007,-0.8999999999999986,0.6000000000000014,0.5,1.7999999999999972,0.0,1.7999999999999972,-1.1216383999999948,-8.727791699999997,5.0,499.0630856190354
203,6.0,Crossmen,2 days 00:00:00,"Little Rock, Arkansas",0.0,0.3000000000000007,-0.5,-0.1999999999999993,0.40000000000000036,0.09999999999999964,0.09999999999999964,0.3000000000000007,-0.09999999999999964,-0.3000000000000007,1.1999999999999993,0.3999999999999986,0.5,0.0,0.5,0.002828000000000941,-4.6363652,2.0,263.7820903784106
204,6.0,Spirit of Atlanta,2 days 00:00:00,"Little Rock, Arkansas",0.0,0.29999999999999893,0.6999999999999993,1.0,1.0,0.40000000000000036,0.0,0.6999999999999993,0.09999999999999964,0.0,1.5,0.7999999999999972,2.5,0.0,2.5,0.002828000000000941,-4.6363652,2.0,263.7820903784106
205,6.0,Music City,2 days 00:00:00,"Little Rock, Arkansas",0.0,0.3000000000000007,-0.29999999999999893,0.0,0.09999999999999964,0.09999999999999964,0.0,0.09999999999999787,0.1999999999999993,0.0,1.1999999999999993,0.6999999999999993,0.7999999999999972,0.0,0.7999999999999972,0.002828000000000941,-4.6363652,2.0,263.7820903784106
206,5.0,Blue Devils B,1 days 00:00:00,"Vista, California",1.0,0.40000000000000036,0.1999999999999993,0.5999999999999979,0.20000000000000107,0.5,-0.3000000000000007,0.1999999999999993,-0.20000000000000107,0.40000000000000036,0.6999999999999993,0.4499999999999993,1.25,0.0,1.25,-0.5198706999999985,-1.2052315000000107,1.0,78.29715238788235
207,5.0,Gold,1 days 00:00:00,"Vista, California",-1.0,0.3000000000000007,0.5,0.8000000000000007,0.7000000000000011,0.5999999999999996,0.20000000000000107,0.75,0.5,0.5,0.1999999999999993,0.5999999999999979,2.1500000000000057,0.0,2.1500000000000057,-0.5198706999999985,-1.2052315000000107,1.0,78.29715238788235
208,5.0,Impulse,1 days 00:00:00,"Vista, California",1.0,0.29999999999999893,1.0,1.2999999999999972,0.3000000000000007,0.9000000000000004,1.0,1.0999999999999979,0.29999999999999893,-0.09999999999999964,0.1999999999999993,0.1999999999999993,2.6000000000000085,0.0,2.6000000000000085,-0.5198706999999985,-1.2052315000000107,1.0,78.29715238788235
209,5.0,Golden Empire,1 days 00:00:00,"Vista, California",1.0,0.3999999999999986,0.9000000000000004,1.3000000000000007,0.29999999999999893,0.0,0.5,0.40000000000000213,0.3000000000000007,0.29999999999999893,0.8000000000000007,0.6999999999999993,2.4000000000000057,0.0,2.4000000000000057,-0.5198706999999985,-1.2052315000000107,1.0,78.29715238788235
210,5.0,Vessel,1 days 00:00:00,"Vista, California",-2.0,0.09999999999999964,-0.40000000000000036,-0.29999999999999716,0.3000000000000007,0.3000000000000007,0.7000000000000011,0.6499999999999986,0.1999999999999993,0.29999999999999893,-0.5999999999999996,-0.05000000000000071,0.30000000000000426,0.0,0.30000000000000426,-0.5198706999999985,-1.2052315000000107,1.0,78.29715238788235
211,3.0,Bluecoats,1 days 00:00:00,"Ankeny, Iowa",-3.0,0.3999999999999986,0.40000000000000213,0.7999999999999972,0.20000000000000284,0.5,0.10000000000000142,0.40000000000000213,-0.6999999999999993,0.5,0.3999999999999986,0.10000000000000142,1.2999999999999972,0.0,1.2999999999999972,-0.15826510000000127,-4.833696700000004,1.0,249.7838391666047
212,3.0,Blue Stars,1 days 00:00:00,"Ankeny, Iowa",-1.0,0.8000000000000007,0.5999999999999996,1.3999999999999986,0.09999999999999787,0.6999999999999993,0.1999999999999993,0.5,-0.3999999999999986,0.5,0.6000000000000014,0.3500000000000014,2.25,0.0,2.25,-0.15826510000000127,-4.833696700000004,1.0,249.7838391666047
213,3.0,Colts,1 days 00:00:00,"Ankeny, Iowa",-1.0,0.5999999999999996,0.09999999999999964,0.6999999999999993,-0.3000000000000007,0.0,0.09999999999999787,-0.10000000000000142,-0.3999999999999986,0.5,0.5999999999999979,0.3500000000000014,0.9500000000000028,0.0,0.9500000000000028,-0.15826510000000127,-4.833696700000004,1.0,249.7838391666047
214,9.0,River City Rhythm,3 days 00:00:00,"Ankeny, Iowa",0.0,0.3000000000000007,-1.1000000000000014,-0.8000000000000007,1.8000000000000007,-0.5,0.0,0.6499999999999986,-0.20000000000000107,0.7000000000000011,1.799999999999999,1.1500000000000021,1.0,0.0,1.0,-0.7685446999999996,-2.9402934999999957,3.0,160.12332661905074
215,9.0,Colt Cadets,3 days 00:00:00,"Ankeny, Iowa",0.0,0.5,0.1999999999999993,0.7000000000000028,2.0,0.5,0.1999999999999993,1.3500000000000014,-0.3000000000000007,0.9000000000000004,2.1999999999999993,1.3999999999999986,3.450000000000003,0.0,3.450000000000003,-0.7685446999999996,-2.9402934999999957,3.0,160.12332661905074
216,12.0,Govenaires,5 days 00:00:00,"Ankeny, Iowa",0.0,0.5,0.20000000000000107,0.6999999999999993,0.7000000000000011,0.5999999999999996,0.29999999999999893,0.8000000000000007,-0.1999999999999993,0.5999999999999996,0.09999999999999964,0.25,1.75,0.0,1.75,-2.4313867000000045,0.3942585000000065,5.0,169.02263459230434
217,2.0,Blue Devils B,1 days 00:00:00,"Cerritos, California",0.0,0.09999999999999964,0.09999999999999964,0.20000000000000284,0.5999999999999996,0.1999999999999993,0.3000000000000007,0.5500000000000007,0.3000000000000007,0.29999999999999893,-0.5999999999999996,0.0,0.75,0.0,0.75,0.662300700000003,-0.811453599999993,1.0,65.39801869392639
218,2.0,Gold,1 days 00:00:00,"Cerritos, California",0.0,0.1999999999999993,0.1999999999999993,0.40000000000000213,0.1999999999999993,0.09999999999999964,0.3999999999999986,0.34999999999999787,0.5,0.1999999999999993,-0.5,0.10000000000000142,0.8499999999999943,0.0,0.8499999999999943,0.662300700000003,-0.811453599999993,1.0,65.39801869392639
219,2.0,Impulse,1 days 00:00:00,"Cerritos, California",0.0,-0.1999999999999993,-0.20000000000000107,-0.3999999999999986,0.09999999999999964,0.09999999999999964,0.5,0.3500000000000014,0.20000000000000107,0.9000000000000004,0.1999999999999993,0.6499999999999986,0.5999999999999943,0.0,0.5999999999999943,0.662300700000003,-0.811453599999993,1.0,65.39801869392639
220,2.0,Golden Empire,1 days 00:00:00,"Cerritos, California",0.0,0.10000000000000142,0.1999999999999993,0.3000000000000007,0.20000000000000107,0.1999999999999993,0.0,0.1999999999999993,0.1999999999999993,0.20000000000000107,0.3999999999999986,0.40000000000000213,0.8999999999999986,0.0,0.8999999999999986,0.662300700000003,-0.811453599999993,1.0,65.39801869392639
221,2.0,Vessel,1 days 00:00:00,"Cerritos, California",0.0,0.09999999999999964,0.1999999999999993,0.29999999999999716,0.3000000000000007,0.1999999999999993,-0.3000000000000007,0.10000000000000142,0.3000000000000007,0.0,0.09999999999999964,0.1999999999999993,0.5999999999999943,0.0,0.5999999999999943,0.662300700000003,-0.811453599999993,1.0,65.39801869392639
222,6.0,Santa Clara Vanguard,2 days 00:00:00,"Canyon, Texas",0.0,0.3000000000000007,0.3000000000000007,0.6000000000000014,-0.1999999999999993,0.5,0.3000000000000007,0.3000000000000007,0.10000000000000142,0.3999999999999986,0.1999999999999993,0.34999999999999787,1.25,0.0,1.25,-5.607235299999999,3.1578142999999983,2.0,423.50577901654225
223,6.0,Pacific Crest,2 days 00:00:00,"Canyon, Texas",0.0,0.3000000000000007,0.5,0.8000000000000007,0.40000000000000036,0.3000000000000007,0.29999999999999893,0.5,-0.1999999999999993,0.0,0.6999999999999993,0.25,1.5499999999999972,0.0,1.5499999999999972,-5.607235299999999,3.1578142999999983,2.0,423.50577901654225
224,6.0,Blue Knights,2 days 00:00:00,"Canyon, Texas",-3.0,0.40000000000000036,-0.40000000000000036,0.0,0.0,0.10000000000000142,-0.29999999999999893,-0.10000000000000142,0.1999999999999993,0.0,0.09999999999999964,0.14999999999999858,0.04999999999999716,0.0,0.04999999999999716,-5.607235299999999,3.1578142999999983,2.0,423.50577901654225
225,6.0,The Academy,2 days 00:00:00,"Canyon, Texas",0.0,0.0,-0.40000000000000036,-0.3999999999999986,-0.1999999999999993,0.3999999999999986,0.5999999999999996,0.3999999999999986,0.0,0.0,1.0,0.5,0.5,0.0,0.5,-5.607235299999999,3.1578142999999983,2.0,423.50577901654225
226,6.0,Genesis,2 days 00:00:00,"Canyon, Texas",-1.0,-0.1999999999999993,0.5,0.3000000000000007,-0.5999999999999996,-0.09999999999999964,0.5999999999999996,-0.05000000000000071,0.1999999999999993,-0.09999999999999964,-0.09999999999999964,0.0,0.25,0.0,0.25,-5.607235299999999,3.1578142999999983,2.0,423.50577901654225
227,6.0,Seattle Cascades,2 days 00:00:00,"Canyon, Texas",1.0,-0.1999999999999993,0.1999999999999993,0.0,-0.3000000000000007,0.20000000000000107,0.09999999999999964,0.0,0.3000000000000007,-0.10000000000000142,0.0,0.10000000000000142,0.09999999999999432,0.0,0.09999999999999432,-5.607235299999999,3.1578142999999983,2.0,423.50577901654225
228,6.0,Phantom Regiment,2 days 00:00:00,"Olathe, Kansas",-3.0,0.3999999999999986,0.10000000000000142,0.5,0.3000000000000007,0.20000000000000284,0.1999999999999993,0.34999999999999787,-0.3000000000000007,0.09999999999999787,-0.3000000000000007,-0.25,0.5999999999999943,0.0,0.5999999999999943,-3.0064591000000007,-6.047474700000009,2.0,380.42317153390496
229,3.0,Colts,1 days 00:00:00,"Olathe, Kansas",1.0,0.20000000000000107,0.5000000000000018,0.6999999999999993,0.10000000000000142,0.09999999999999964,0.0,0.10000000000000142,0.3000000000000007,-0.9000000000000004,-0.3999999999999986,-0.5,0.29999999999999716,0.0,0.29999999999999716,-2.8481939999999994,-1.213778000000005,1.0,206.70571719139488
230,7.0,Troopers,2 days 00:00:00,"Olathe, Kansas",-4.0,0.09999999999999964,0.29999999999999893,0.40000000000000213,0.9000000000000004,0.1999999999999993,0.40000000000000036,0.75,0.1999999999999993,0.0,0.1999999999999993,0.1999999999999993,1.3499999999999943,0.0,1.3499999999999943,-1.7032925999999975,10.258141299999991,2.0,558.5448696115417
231,6.0,Madison Scouts,2 days 00:00:00,"Olathe, Kansas",0.0,0.5,-1.0,0.3999999999999986,0.1999999999999993,0.5,0.09999999999999964,0.3999999999999986,0.29999999999999893,-0.3000000000000007,1.5999999999999996,0.7999999999999972,1.5999999999999943,0.0,1.5999999999999943,-3.0064591000000007,-6.047474700000009,2.0,380.42317153390496
232,3.0,Colt Cadets,1 days 00:00:00,"Olathe, Kansas",-1.0,0.29999999999999893,0.3000000000000007,0.5999999999999979,-1.5999999999999996,0.0,0.10000000000000142,-0.75,0.7000000000000011,-0.40000000000000036,-1.5,-0.5999999999999979,-0.75,0.0,-0.75,-2.8481939999999994,-1.213778000000005,1.0,206.70571719139488
233,2.0,Blue Knights,1 days 00:00:00,"Abilene, Texas",0.0,1.200000000000001,0.1999999999999993,1.3999999999999986,0.3000000000000007,0.5,0.29999999999999893,0.5500000000000007,0.40000000000000036,-0.20000000000000107,0.9000000000000004,0.5500000000000007,2.5,0.0,2.5,-2.533492899999999,2.1716064999999958,1.0,214.77198108412986
234,6.0,Crossmen,3 days 00:00:00,"Abilene, Texas",2.0,-0.09999999999999964,-0.1999999999999993,-0.3000000000000007,0.3999999999999986,0.0,0.3000000000000007,0.3500000000000014,1.200000000000001,0.20000000000000107,-0.6999999999999993,0.3500000000000014,0.3999999999999915,0.0,0.3999999999999915,-2.3000571000000036,-7.457963800000002,3.0,458.2692946719311
235,2.0,Pacific Crest,1 days 00:00:00,"Abilene, Texas",0.0,0.3999999999999986,0.20000000000000107,0.6000000000000014,0.3999999999999986,0.1999999999999993,0.5,0.5500000000000007,0.3999999999999986,0.3000000000000007,0.6999999999999993,0.7000000000000028,1.8500000000000085,0.0,1.8500000000000085,-2.533492899999999,2.1716064999999958,1.0,214.77198108412986
236,6.0,Music City,3 days 00:00:00,"Abilene, Texas",2.0,0.09999999999999964,0.09999999999999964,0.1999999999999993,0.3000000000000007,0.09999999999999964,0.29999999999999893,0.3500000000000014,0.09999999999999964,0.1999999999999993,-0.5999999999999996,-0.14999999999999858,0.4000000000000057,0.0,0.4000000000000057,-2.3000571000000036,-7.457963800000002,3.0,458.2692946719311
237,2.0,Genesis,1 days 00:00:00,"Abilene, Texas",0.0,0.6999999999999993,0.10000000000000142,0.8000000000000007,0.5,-0.5,-0.5,-0.25,1.4000000000000004,-0.7000000000000011,0.5,0.6000000000000014,1.1499999999999915,0.0,1.1499999999999915,-2.533492899999999,2.1716064999999958,1.0,214.77198108412986
238,2.0,Seattle Cascades,1 days 00:00:00,"Abilene, Texas",-2.0,0.6999999999999993,0.3000000000000007,1.0,0.40000000000000036,0.09999999999999964,0.0,0.25,-0.09999999999999964,-0.5999999999999996,0.6999999999999993,0.0,1.25,0.0,1.25,-2.533492899999999,2.1716064999999958,1.0,214.77198108412986
239,,Guardians,,"Abilene, Texas",,,,,,,,,,,,,,,,,,,
240,5.0,Bluecoats,2 days 00:00:00,"Broken Arrow, Oklahoma",4.0,0.3000000000000007,0.29999999999999716,0.6000000000000014,0.29999999999999716,0.6000000000000014,-0.6999999999999993,0.09999999999999787,1.0,-0.1999999999999993,-0.5999999999999979,0.10000000000000142,0.8000000000000114,0.0,0.8000000000000114,-5.679480300000002,-2.1857274999999987,2.0,409.0680484601146
241,9.0,Blue Devils,3 days 00:00:00,"Broken Arrow, Oklahoma",-3.0,0.8000000000000007,0.1999999999999993,1.0,0.5,1.3000000000000007,0.1999999999999993,1.0,0.5999999999999979,0.29999999999999716,0.5,0.6999999999999993,2.700000000000003,0.0,2.700000000000003,-4.5345789,9.286191799999997,3.0,593.1664711415083
242,7.0,Boston Crusaders,3 days 00:00:00,"Broken Arrow, Oklahoma",-1.0,0.3999999999999986,0.6999999999999993,1.1000000000000014,0.3000000000000007,0.5999999999999979,0.10000000000000142,0.5,0.6999999999999993,0.3000000000000007,0.0,0.5,2.0999999999999943,0.0,2.0999999999999943,1.3060921999999948,-3.5011927999999983,3.0,217.15697500672923
243,7.0,Carolina Crown,3 days 00:00:00,"Broken Arrow, Oklahoma",2.0,0.10000000000000142,0.5999999999999979,0.7000000000000028,0.29999999999999716,0.40000000000000213,0.3999999999999986,0.5500000000000007,-0.10000000000000142,0.3999999999999986,0.1999999999999993,0.25,1.5,0.0,1.5,1.3060921999999948,-3.5011927999999983,3.0,217.15697500672923
244,2.0,Phantom Regiment,1 days 00:00:00,"Broken Arrow, Oklahoma",-1.0,-0.09999999999999787,-0.3000000000000007,-0.3999999999999986,-0.3999999999999986,0.1999999999999993,-0.3999999999999986,-0.29999999999999716,-0.1999999999999993,0.0,0.0,-0.09999999999999787,-0.7999999999999972,0.0,-0.7999999999999972,-2.831286300000002,-0.9719494999999938,1.0,202.42966910764252
245,9.0,Mandarins,3 days 00:00:00,"Broken Arrow, Oklahoma",-3.0,0.5,-0.10000000000000142,0.4000000000000057,0.10000000000000142,0.10000000000000142,0.10000000000000142,0.14999999999999858,0.5,-0.20000000000000284,0.1999999999999993,0.25,0.7999999999999972,0.0,0.7999999999999972,-4.5345789,9.286191799999997,3.0,593.1664711415083
246,8.0,The Cavaliers,3 days 00:00:00,"Broken Arrow, Oklahoma",-2.0,0.10000000000000142,0.5,0.5999999999999979,0.20000000000000107,0.5999999999999979,-0.1999999999999993,0.3000000000000007,0.1999999999999993,0.20000000000000107,0.5,0.4499999999999993,1.3500000000000085,0.0,1.3500000000000085,-5.837745400000003,-7.019424200000003,3.0,551.9072597741693
247,1.0,Bluecoats,2 days 00:00:00,"Denton, Texas",1.0,0.10000000000000142,0.6000000000000014,0.7000000000000028,-0.09999999999999787,-0.5,0.5999999999999979,0.0,0.1999999999999993,0.1999999999999993,0.8999999999999986,0.6499999999999986,1.3499999999999943,0.0,1.3499999999999943,-2.868720599999996,-1.3505222000000003,2.0,212.18501462987342
248,1.0,Boston Crusaders,2 days 00:00:00,"Denton, Texas",3.0,0.10000000000000142,0.6000000000000014,0.7000000000000028,-0.1999999999999993,-0.3999999999999986,0.5,-0.05000000000000071,0.0,0.6999999999999993,0.8000000000000007,0.75,1.4000000000000057,0.0,1.4000000000000057,-2.868720599999996,-1.3505222000000003,2.0,212.18501462987342
249,1.0,Carolina Crown,2 days 00:00:00,"Denton, Texas",1.0,0.0,0.8000000000000007,0.7999999999999972,-0.1999999999999993,-0.40000000000000213,0.20000000000000284,-0.1999999999999993,0.6000000000000014,0.3999999999999986,0.25,0.625,1.2249999999999943,0.0,1.2249999999999943,-2.868720599999996,-1.3505222000000003,2.0,212.18501462987342
250,1.0,Phantom Regiment,2 days 00:00:00,"Denton, Texas",3.0,0.29999999999999716,0.8999999999999986,1.2000000000000028,0.3000000000000007,0.09999999999999787,0.3999999999999986,0.3999999999999986,0.5,-0.09999999999999787,0.5,0.4499999999999993,2.049999999999997,0.0,2.049999999999997,-2.868720599999996,-1.3505222000000003,2.0,212.18501462987342
251,4.0,Santa Clara Vanguard,3 days 00:00:00,"Denton, Texas",0.0,-0.10000000000000142,0.3999999999999986,0.30000000000000426,0.3000000000000007,-0.10000000000000142,0.0,0.10000000000000142,0.29999999999999716,0.5,0.5,0.6500000000000021,1.0499999999999972,0.0,1.0499999999999972,-1.7960641999999964,4.777855299999999,3.0,300.6298111801586
252,2.0,Crossmen,2 days 00:00:00,"Denton, Texas",0.0,-0.10000000000000142,1.0,0.8999999999999986,0.3000000000000007,0.3000000000000007,-0.20000000000000107,0.1999999999999993,-0.3000000000000007,-0.3000000000000007,-0.7000000000000011,-0.6499999999999986,0.45000000000000284,0.0,0.45000000000000284,0.7374287000000024,2.606248800000003,2.0,159.93883933002974
253,2.0,Pacific Crest,2 days 00:00:00,"Denton, Texas",-2.0,-0.09999999999999964,0.7999999999999989,0.6999999999999993,0.10000000000000142,-0.3999999999999986,-0.5,-0.3999999999999986,0.6000000000000014,0.09999999999999964,-1.299999999999999,-0.3000000000000007,0.0,0.0,0.0,0.7374287000000024,2.606248800000003,2.0,159.93883933002974
254,2.0,Music City,2 days 00:00:00,"Denton, Texas",-1.0,-0.1999999999999993,1.0999999999999996,0.9000000000000021,0.09999999999999964,0.3000000000000007,0.0,0.1999999999999993,0.5,0.3000000000000007,-0.09999999999999964,0.34999999999999787,1.4500000000000028,0.0,1.4500000000000028,0.7374287000000024,2.606248800000003,2.0,159.93883933002974
255,2.0,The Cavaliers,2 days 00:00:00,"Waco, Texas",7.0,0.5,-0.09999999999999787,0.4000000000000057,0.29999999999999716,-0.09999999999999787,0.3000000000000007,0.25,0.5,1.2999999999999972,0.1999999999999993,1.0,1.6499999999999915,0.0,1.6499999999999915,-4.503409399999999,-1.3566433000000018,2.0,320.0371068256922
256,4.0,Madison Scouts,3 days 00:00:00,"Waco, Texas",4.0,1.200000000000001,1.4000000000000004,1.6999999999999993,0.3000000000000007,1.3000000000000007,0.5999999999999996,1.1000000000000014,0.7000000000000011,1.0000000000000018,-0.5,0.6000000000000014,3.4000000000000057,0.0,3.4000000000000057,-7.334695700000001,-2.3285927999999956,3.0,522.4618494204328
257,3.0,Blue Knights,2 days 00:00:00,"Waco, Texas",1.0,-0.3000000000000007,0.20000000000000107,-0.09999999999999787,0.5,0.1999999999999993,0.20000000000000107,0.4499999999999993,1.0,0.9000000000000004,0.0,0.9499999999999993,1.2999999999999972,0.0,1.2999999999999972,-0.8972601000000004,2.6001277000000016,2.0,164.70678295375936
258,9.0,Spirit of Atlanta,5 days 00:00:00,"Waco, Texas",3.0,0.9000000000000004,-0.3000000000000007,0.5999999999999979,0.3000000000000007,0.9000000000000004,0.8000000000000007,1.0,0.6999999999999993,1.0,-0.5999999999999996,0.5500000000000007,2.1500000000000057,0.0,2.1500000000000057,-3.197317200000004,-4.8578361,5.0,357.4891555875503
259,5.0,The Academy,3 days 00:00:00,"Waco, Texas",0.0,0.5999999999999996,0.09999999999999964,0.6999999999999993,0.40000000000000036,0.40000000000000036,0.40000000000000036,0.6000000000000014,0.5999999999999996,0.5999999999999996,-0.5,0.34999999999999787,1.6500000000000057,0.0,1.6500000000000057,-3.4307529999999993,4.771734199999997,3.0,363.53130388236406
260,3.0,Genesis,2 days 00:00:00,"Waco, Texas",1.0,0.09999999999999964,0.6999999999999993,0.8000000000000007,0.40000000000000036,0.29999999999999893,0.29999999999999893,0.5,0.5,0.5999999999999996,-1.8000000000000007,-0.3500000000000014,0.9500000000000028,0.0,0.9500000000000028,-0.8972601000000004,2.6001277000000016,2.0,164.70678295375936
261,3.0,Seattle Cascades,2 days 00:00:00,"Waco, Texas",1.0,0.40000000000000036,0.7999999999999989,1.1999999999999993,0.1999999999999993,0.29999999999999893,0.29999999999999893,0.40000000000000213,0.6999999999999993,0.3000000000000007,-0.8999999999999986,0.04999999999999716,1.6500000000000057,0.0,1.6500000000000057,-0.8972601000000004,2.6001277000000016,2.0,164.70678295375936
262,12.0,Jersey Surf,5 days 00:00:00,"Waco, Texas",0.0,-0.09999999999999964,0.6999999999999993,0.6000000000000014,0.0,1.0,1.1999999999999993,1.0999999999999979,0.7999999999999989,0.3999999999999986,-1.4000000000000004,-0.10000000000000142,1.5500000000000043,0.0,1.5500000000000043,-9.309242900000005,-22.983707499999994,5.0,1429.7728011258218
263,11.0,Spartans,6 days 00:00:00,"Bellbrook, Ohio",2.0,0.6999999999999993,0.5,1.2000000000000028,1.1999999999999993,1.299999999999999,0.7000000000000011,1.6000000000000014,1.0,1.0,1.8000000000000007,1.8999999999999986,4.699999999999989,0.0,4.699999999999989,-2.2545047999999994,4.701218699999998,6.0,291.5464338200495
264,12.0,The Battalion,6 days 00:00:00,"Bellbrook, Ohio",1.0,0.9000000000000004,1.5,2.400000000000002,2.200000000000001,2.0,1.5,2.8500000000000014,0.9000000000000004,1.9000000000000004,2.6999999999999993,2.75,8.0,0.0,8.0,-0.9513382999999962,21.0068347,6.0,1112.1268853837548
265,8.0,River City Rhythm,5 days 00:00:00,"Bellbrook, Ohio",0.0,0.9000000000000004,0.0,0.9000000000000021,-0.5999999999999996,0.5999999999999996,0.8999999999999986,0.4499999999999993,2.3000000000000007,1.0999999999999996,-0.09999999999999964,1.6499999999999986,3.0,0.0,3.0,-2.096239699999998,9.534915400000003,5.0,520.9964110754489
266,33.0,Cincinnati Tradition,17 days 00:00:00,"Bellbrook, Ohio",0.0,1.4999999999999982,1.5999999999999996,3.1000000000000014,1.3000000000000007,2.1999999999999993,1.5,2.5,1.4000000000000004,1.5999999999999996,1.5999999999999996,2.3000000000000007,7.8999999999999915,0.0,7.8999999999999915,0.27578129999999845,0.2397624000000036,17.0,22.938793423357676
267,,Columbus Saints,,"Bellbrook, Ohio",,,,,,,,,,,,,,,,,,,
268,3.0,Bluecoats,1 days 00:00:00,"Prairie View, Texas",-2.0,0.29999999999999716,0.1999999999999993,0.5,0.5,0.8000000000000007,0.1999999999999993,0.75,0.3000000000000007,0.1999999999999993,0.1999999999999993,0.3500000000000014,1.5999999999999943,0.0,1.5999999999999943,-3.0980871000000008,1.1506358999999975,1.0,223.96364341074542
269,4.0,Blue Devils,3 days 00:00:00,"Prairie View, Texas",2.0,0.3999999999999986,0.8999999999999986,1.3000000000000043,0.1999999999999993,0.1999999999999993,0.8000000000000007,0.6000000000000014,0.5,0.6000000000000014,0.9000000000000021,1.0,2.9000000000000057,0.0,2.9000000000000057,-5.966807699999997,-0.19988630000000285,3.0,411.3589374618179
270,3.0,Carolina Crown,1 days 00:00:00,"Prairie View, Texas",-2.0,0.5999999999999979,0.10000000000000142,0.7000000000000028,0.40000000000000213,0.6999999999999993,0.3999999999999986,0.75,0.3000000000000007,0.20000000000000284,0.25,0.375,1.8250000000000028,0.0,1.8250000000000028,-3.0980871000000008,1.1506358999999975,1.0,223.96364341074542
271,4.0,Mandarins,3 days 00:00:00,"Prairie View, Texas",0.0,0.8000000000000007,1.1999999999999993,2.0,0.6000000000000014,0.8000000000000007,0.6000000000000014,1.0,0.5999999999999979,1.1000000000000014,0.09999999999999787,0.9000000000000021,3.9000000000000057,0.0,3.9000000000000057,-5.966807699999997,-0.19988630000000285,3.0,411.3589374618179
272,2.0,The Cavaliers,1 days 00:00:00,"Prairie View, Texas",-5.0,0.1999999999999993,0.7999999999999972,1.0,0.10000000000000142,0.5999999999999979,0.1999999999999993,0.4499999999999993,-0.09999999999999787,-0.3999999999999986,0.40000000000000213,-0.04999999999999716,1.4000000000000057,0.0,1.4000000000000057,-1.463398299999998,1.156756999999999,1.0,122.03586167660625
273,9.0,Blue Stars,5 days 00:00:00,"Prairie View, Texas",0.0,1.0,0.5999999999999996,1.6000000000000014,0.6000000000000014,0.5,0.5,0.8000000000000007,0.5999999999999979,0.40000000000000213,-1.3000000000000007,-0.15000000000000213,2.25,0.0,2.25,-11.646287999999998,-2.3856138000000016,5.0,813.9443838742106
274,6.0,Colts,4 days 00:00:00,"Prairie View, Texas",-2.0,0.5999999999999996,0.09999999999999787,0.7000000000000028,0.09999999999999964,0.3999999999999986,0.40000000000000213,0.4499999999999993,0.3999999999999986,0.9000000000000004,0.10000000000000142,0.6999999999999993,1.8500000000000085,0.0,1.8500000000000085,-8.798093999999999,-1.1718357999999967,4.0,610.1117449229098
275,5.0,Guardians,3 days 00:00:00,"Prairie View, Texas",0.0,0.9000000000000004,-0.10000000000000142,0.8000000000000007,0.3000000000000007,0.3999999999999986,2.5999999999999996,1.6499999999999986,0.40000000000000036,1.0,-0.5999999999999996,0.40000000000000213,2.8500000000000014,0.0,2.8500000000000014,-2.3606583999999984,3.7568847000000005,3.0,275.4257206760768
