,Show Number,Date,Location,Corps,Performance Slot,General Effect 1,General Effect 2,General Effect Total,Visual Proficiency,Visual Analysis,Visual Color Guard,Visual Total,Music Brass,Music Analysis,Music Percussion,Music Total,Sub Total,Penalty,Total Score,Competition Latitude,Competition Longitude,General Effect 1 1,General Effect 1 2,General Effect 2 1,General Effect 2 2,Music Analysis 1,Music Analysis 2,Days from Season Start
0,,,"Rockford, Michigan",Boston Crusaders,,,,,,,,,,,,,,,,,,,,,,,,
1,,,"Rockford, Michigan",Phantom Regiment,,,,,,,,,,,,,,,,,,,,,,,,
2,,,"Rockford, Michigan",The Cavaliers,,,,,,,,,,,,,,,,,,,,,,,,
3,,,"Rockford, Michigan",Blue Stars,,,,,,,,,,,,,,,,,,,,,,,,
4,,,"Rockford, Michigan",Colts,,,,,,,,,,,,,,,,,,,,,,,,
5,,,"Muncie, Indiana",Carolina Crown,,,,,,,,,,,,,,,,,,,,,,,,
6,0.5,1 days 00:00:00,"Muncie, Indiana",Boston Crusaders,0.0,-0.20000000000000018,0.2999999999999998,0.09999999999999964,0.09999999999999964,0.4499999999999993,0.20000000000000018,0.375,0.25,0.05000000000000071,0.4500000000000002,0.375,0.8500000000000014,0.0,0.8500000000000014,-1.4630158999999985,0.08653844999999905,,,,,,,1.0
7,0.5,1 days 00:00:00,"Muncie, Indiana",Phantom Regiment,0.5,-0.15000000000000036,0.25,0.09999999999999964,0.25,0.2999999999999998,0.10000000000000053,0.3249999999999993,0.2999999999999998,0.25,0.6000000000000005,0.5749999999999993,1.0,0.0,1.0,-1.4630158999999985,0.08653844999999905,,,,,,,1.0
8,0.5,1 days 00:00:00,"Muncie, Indiana",The Cavaliers,-1.0,0.0,0.09999999999999964,0.09999999999999964,0.09999999999999964,0.04999999999999982,0.09999999999999964,0.125,0.14999999999999947,0.10000000000000053,0.14999999999999947,0.20000000000000107,0.42499999999999716,0.0,0.42499999999999716,-1.4630158999999985,0.08653844999999905,,,,,,,1.0
9,0.5,1 days 00:00:00,"Muncie, Indiana",Blue Stars,0.0,-0.34999999999999964,0.25,-0.09999999999999964,-0.05000000000000071,0.25,0.04999999999999982,0.125,0.20000000000000018,0.10000000000000053,0.20000000000000018,0.25,0.2749999999999986,0.0,0.2749999999999986,-1.4630158999999985,0.08653844999999905,,,,,,,1.0
10,0.5,1 days 00:00:00,"Muncie, Indiana",Colts,0.5,-0.15000000000000036,0.2999999999999998,0.15000000000000036,0.0,0.20000000000000018,0.04999999999999982,0.125,0.35000000000000053,0.14999999999999947,0.6499999999999995,0.5750000000000011,0.8499999999999943,0.0,0.8499999999999943,-1.4630158999999985,0.08653844999999905,,,,,,,1.0
11,,,"Walnut, California",Blue Devils,,,,,,,,,,,,,,,,,,,,,,,,
12,,,"Walnut, California",Santa Clara Vanguard,,,,,,,,,,,,,,,,,,,,,,,,
13,,,"Walnut, California",Mandarins,,,,,,,,,,,,,,,,,,,,,,,,
14,,,"Walnut, California",Pacific Crest,,,,,,,,,,,,,,,,,,,,,,,,
15,,,"Walnut, California",Blue Devils B,,,,,,,,,,,,,,,,,,,,,,,,
16,,,"Walnut, California",Gold,,,,,,,,,,,,,,,,,,,,,,,,
17,,,"Walnut, California",Impulse,,,,,,,,,,,,,,,,,,,,,,,,
18,,,"Walnut, California",Vessel,,,,,,,,,,,,,,,,,,,,,,,,
19,,,"Walnut, California",Blue Devils C,,,,,,,,,,,,,,,,,,,,,,,,
20,2.0,1 days 00:00:00,"Madison, Wisconsin",Blue Stars,0.0,0.40000000000000036,-0.40000000000000036,0.0,0.6000000000000014,-12.0,0.1999999999999993,0.3999999999999986,0.3999999999999986,-0.10000000000000142,0.5,0.3999999999999986,0.7999999999999972,0.0,0.7999999999999972,2.881071800000001,-3.9972342000000083,,,,,,,1.0
21,2.0,1 days 00:00:00,"Madison, Wisconsin",Colts,-2.0,0.0,0.0,0.0,0.09999999999999964,0.40000000000000036,0.5999999999999996,0.5500000000000007,0.40000000000000036,-0.5,0.0,-0.05000000000000071,0.5,0.0,0.5,2.881071800000001,-3.9972342000000083,,,,,,,1.0
22,,,"Madison, Wisconsin",Madison Scouts,,,,,,,,,,,,,,,,,,,,,,,,
23,,,"Madison, Wisconsin",Colt Cadets,,,,,,,,,,,,,,,,,,,,,,,,
24,,,"Madison, Wisconsin",Govenaires,,,,,,,,,,,,,,,,,,,,,,,,
25,,,"Shelton, Connecticut",Spartans,,,,,,,,,,,,,,,,,,,,,,,,
26,,,"Shelton, Connecticut",7th Regiment,,,,,,,,,,,,,,,,,,,,,,,,
27,,,"Shelton, Connecticut",Reading Buccaneers,,,,,,,,,,,,,,,,,,,,,,,,
28,,,"Shelton, Connecticut",Bushwackers Drum Corps,,,,,,,,,,,,,,,,,,,,,,,,
29,,,"Shelton, Connecticut",Hawthorne Caballeros,,,,,,,,,,,,,,,,,,,,,,,,
30,,,"Shelton, Connecticut",Hurricanes,,,,,,,,,,,,,,,,,,,,,,,,
31,,,"Shelton, Connecticut",Fusion Core,,,,,,,,,,,,,,,,,,,,,,,,
32,,,"Shelton, Connecticut",Sunrisers,,,,,,,,,,,,,,,,,,,,,,,,
33,3.0,1 days 00:00:00,"Walnut, California",Blue Devils,1.0,-0.09999999999999964,0.1999999999999993,0.10000000000000142,0.3000000000000007,0.10000000000000142,0.10000000000000142,0.25,0.20000000000000107,0.10000000000000142,0.0,0.14999999999999858,0.5,0.0,0.5,0.0,0.0,,,,,,,1.0
34,3.0,1 days 00:00:00,"Walnut, California",Santa Clara Vanguard,0.0,-0.3000000000000007,-0.8000000000000007,-1.0999999999999979,0.09999999999999964,0.5,0.40000000000000036,0.5,-0.1999999999999993,0.7999999999999989,0.0,0.29999999999999716,-0.30000000000001137,0.0,-0.30000000000001137,0.0,0.0,,,,,,,1.0
35,3.0,1 days 00:00:00,"Walnut, California",Mandarins,0.0,-0.5,-0.8000000000000007,-1.3000000000000007,0.20000000000000107,0.5,0.1999999999999993,0.4499999999999993,0.40000000000000036,0.40000000000000036,0.10000000000000142,0.45000000000000284,-0.4000000000000057,0.0,-0.4000000000000057,0.0,0.0,,,,,,,1.0
36,3.0,1 days 00:00:00,"Walnut, California",Pacific Crest,-1.0,-1.6999999999999993,-0.5999999999999996,-2.3000000000000007,0.5999999999999996,0.5,-0.10000000000000142,0.5,0.10000000000000142,0.10000000000000142,0.1999999999999993,0.1999999999999993,-1.5999999999999943,0.0,-1.5999999999999943,0.0,0.0,,,,,,,1.0
37,3.0,1 days 00:00:00,"Walnut, California",Blue Devils B,1.0,0.5999999999999996,0.3999999999999986,1.0,0.3000000000000007,-0.10000000000000142,0.5,0.3500000000000014,0.09999999999999964,0.5,0.1999999999999993,0.3999999999999986,1.75,0.0,1.75,0.0,0.0,,,,,,,1.0
38,3.0,1 days 00:00:00,"Walnut, California",Gold,1.0,-1.0999999999999996,0.6999999999999993,-0.3999999999999986,0.40000000000000036,0.5999999999999996,0.29999999999999893,0.6500000000000021,0.1999999999999993,0.0,0.20000000000000107,0.20000000000000284,0.45000000000000284,0.0,0.45000000000000284,0.0,0.0,,,,,,,1.0
39,3.0,1 days 00:00:00,"Walnut, California",Vessel,1.0,-0.9000000000000004,-0.09999999999999964,-1.0,0.3000000000000007,0.3000000000000007,0.5,0.5500000000000007,0.10000000000000142,1.1999999999999993,-0.09999999999999964,0.5999999999999996,0.14999999999999858,0.0,0.14999999999999858,0.0,0.0,,,,,,,1.0
40,3.0,1 days 00:00:00,"Walnut, California",Impulse,-1.0,-1.8000000000000007,-1.1999999999999993,-3.0,0.10000000000000142,0.5999999999999996,-0.1999999999999993,0.25,0.29999999999999893,-0.6000000000000014,0.10000000000000142,-0.09999999999999964,-2.8500000000000014,0.0,-2.8500000000000014,0.0,0.0,,,,,,,1.0
41,3.0,1 days 00:00:00,"Walnut, California",Blue Devils C,-2.0,-1.0999999999999996,-0.5,-1.6000000000000014,0.40000000000000036,0.5,0.1999999999999993,0.5500000000000007,0.0,0.1999999999999993,0.09999999999999964,0.15000000000000036,-0.9000000000000057,0.0,-0.9000000000000057,0.0,0.0,,,,,,,1.0
42,2.5,1 days 00:00:00,"Lisle, Illinois",Carolina Crown,0.0,0.5,0.09999999999999964,0.5999999999999996,0.20000000000000018,-0.09999999999999964,0.2999999999999998,0.20000000000000107,-0.04999999999999982,0.04999999999999982,0.6000000000000005,0.3000000000000007,1.0999999999999943,0.0,1.0999999999999943,0.8037348999999985,-1.344120800000006,,,,,,,1.0
43,2.5,1 days 00:00:00,"Lisle, Illinois",Boston Crusaders,0.0,0.2999999999999998,0.15000000000000036,0.4499999999999993,0.35000000000000053,-0.09999999999999964,0.34999999999999964,0.3000000000000007,-0.05000000000000071,0.09999999999999964,0.34999999999999964,0.1999999999999993,0.9499999999999957,0.0,0.9499999999999957,0.8037348999999985,-1.344120800000006,,,,,,,1.0
44,2.5,1 days 00:00:00,"Lisle, Illinois",Phantom Regiment,0.5,0.25,0.0,0.25,0.25,0.15000000000000036,0.39999999999999947,0.40000000000000036,0.04999999999999982,-0.04999999999999982,0.34999999999999964,0.1750000000000007,0.8249999999999957,0.0,0.8249999999999957,0.8037348999999985,-1.344120800000006,,,,,,,1.0
45,2.5,1 days 00:00:00,"Lisle, Illinois",The Cavaliers,2.5,0.4500000000000002,0.15000000000000036,0.5999999999999996,0.2999999999999998,0.09999999999999964,0.5499999999999998,0.47499999999999964,0.3000000000000007,-0.10000000000000053,0.40000000000000036,0.29999999999999893,1.3500000000000014,0.0,1.375,0.8037348999999985,-1.344120800000006,,,,,,,1.0
46,3.0,1 days 00:00:00,"Lisle, Illinois",Colts,1.0,0.5,0.9000000000000004,1.3999999999999986,0.5999999999999996,0.40000000000000036,0.8000000000000007,0.9000000000000021,0.1999999999999993,0.40000000000000036,1.0,0.8000000000000007,3.1000000000000085,0.0,3.1000000000000085,-1.273602000000004,1.3089925999999963,,,,,,,1.0
47,3.0,1 days 00:00:00,"Lisle, Illinois",Blue Stars,1.0,0.29999999999999893,0.7999999999999989,1.1000000000000014,0.3999999999999986,12.7,0.8000000000000007,0.9500000000000028,0.0,0.0,0.6999999999999993,0.3500000000000014,2.4000000000000057,0.0,2.4000000000000057,-1.273602000000004,1.3089925999999963,,,,,,,1.0
48,3.0,1 days 00:00:00,"Lisle, Illinois",Madison Scouts,-2.0,0.3000000000000007,-0.10000000000000142,0.1999999999999993,0.29999999999999893,0.5,0.3999999999999986,0.6000000000000014,0.5,0.5999999999999996,0.40000000000000036,0.75,1.5500000000000114,0.0,1.5500000000000114,-1.273602000000004,1.3089925999999963,,,,,,,1.0
49,3.0,1 days 00:00:00,"Lisle, Illinois",Colt Cadets,0.0,0.3000000000000007,1.0,1.3000000000000007,-0.29999999999999893,0.7999999999999989,0.8000000000000007,0.6499999999999986,0.1999999999999993,0.29999999999999893,0.5999999999999996,0.5500000000000007,2.5,0.0,2.5,-1.273602000000004,1.3089925999999963,,,,,,,1.0
50,2.0,1 days 00:00:00,"San Bernardino, California",Blue Devils,0.0,0.09999999999999964,-0.5999999999999996,-0.5,0.09999999999999964,0.3999999999999986,0.09999999999999964,0.3000000000000007,0.5,0.09999999999999964,0.1999999999999993,0.3999999999999986,0.20000000000000284,0.0,0.20000000000000284,1.116713599999997,1.7092951999999997,,,,,,,1.0
51,2.0,1 days 00:00:00,"San Bernardino, California",Santa Clara Vanguard,0.0,0.5999999999999996,0.10000000000000142,0.6999999999999993,0.09999999999999964,0.10000000000000142,0.3000000000000007,0.25,0.1999999999999993,0.09999999999999964,0.1999999999999993,0.25,1.2000000000000028,0.0,1.2000000000000028,1.116713599999997,1.7092951999999997,,,,,,,1.0
52,2.0,1 days 00:00:00,"San Bernardino, California",Mandarins,1.0,0.5,0.7000000000000011,1.1999999999999993,0.29999999999999893,0.1999999999999993,0.0,0.25,-0.29999999999999893,0.5999999999999996,0.1999999999999993,0.25,1.7000000000000028,0.0,1.7000000000000028,1.116713599999997,1.7092951999999997,,,,,,,1.0
53,2.0,1 days 00:00:00,"San Bernardino, California",Pacific Crest,-1.0,1.3999999999999986,-0.20000000000000107,1.1999999999999993,0.1999999999999993,-0.3000000000000007,0.20000000000000107,0.04999999999999716,0.29999999999999893,-0.20000000000000107,0.0,0.05000000000000071,1.2999999999999972,0.0,1.2999999999999972,1.116713599999997,1.7092951999999997,,,,,,,1.0
54,2.0,1 days 00:00:00,"San Bernardino, California",Blue Devils B,0.0,-0.40000000000000036,0.0,-0.3999999999999986,0.40000000000000036,0.3000000000000007,0.1999999999999993,0.4499999999999993,0.09999999999999964,0.1999999999999993,-0.09999999999999964,0.10000000000000142,0.14999999999999858,0.0,0.14999999999999858,1.116713599999997,1.7092951999999997,,,,,,,1.0
55,2.0,1 days 00:00:00,"San Bernardino, California",Gold,0.0,0.9000000000000004,-0.5999999999999996,0.3000000000000007,0.09999999999999964,0.20000000000000107,0.3000000000000007,0.29999999999999716,0.3000000000000007,0.0,0.09999999999999964,0.1999999999999993,0.7999999999999972,0.0,0.7999999999999972,1.116713599999997,1.7092951999999997,,,,,,,1.0
56,2.0,1 days 00:00:00,"San Bernardino, California",Impulse,1.0,1.4000000000000004,0.5,1.8999999999999986,0.29999999999999893,-0.20000000000000107,0.40000000000000036,0.25,-0.29999999999999893,0.3000000000000007,-0.10000000000000142,-0.05000000000000071,2.1000000000000014,0.0,2.1000000000000014,1.116713599999997,1.7092951999999997,,,,,,,1.0
57,2.0,1 days 00:00:00,"San Bernardino, California",Vessel,-1.0,0.6999999999999993,0.3999999999999986,1.1000000000000014,0.40000000000000036,0.09999999999999964,0.09999999999999964,0.29999999999999893,-0.3000000000000007,-0.29999999999999893,-0.09999999999999964,-0.34999999999999964,1.0499999999999972,0.0,1.0499999999999972,1.116713599999997,1.7092951999999997,,,,,,,1.0
58,2.0,1 days 00:00:00,"San Bernardino, California",Blue Devils C,0.0,0.40000000000000036,0.09999999999999964,0.5,0.1999999999999993,0.20000000000000107,0.1999999999999993,0.3000000000000007,0.09999999999999964,0.0,0.09999999999999964,0.09999999999999964,0.9000000000000057,0.0,0.9000000000000057,1.116713599999997,1.7092951999999997,,,,,,,1.0
59,,,"Mason, OH",Bluecoats,,,,,,,,,,,,,,,,,,,,,,,,
60,1.0,1 days 00:00:00,"Mason, OH",Boston Crusaders,-1.5,0.2500000000000009,0.1999999999999993,0.45000000000000107,0.20000000000000018,0.09999999999999964,0.10000000000000053,0.1999999999999993,0.35000000000000053,0.20000000000000018,0.0,0.27500000000000036,0.9250000000000043,0.0,0.9250000000000043,-1.2205501999999981,1.8824148500000035,,,,,,,1.0
61,1.0,1 days 00:00:00,"Mason, OH",Carolina Crown,-1.5,-0.04999999999999982,-0.04999999999999982,-0.09999999999999964,0.0,0.14999999999999947,0.15000000000000036,0.15000000000000036,0.40000000000000036,0.3000000000000007,0.04999999999999982,0.375,0.42500000000000426,0.0,0.42500000000000426,-1.2205501999999981,1.8824148500000035,,,,,,,1.0
62,1.0,1 days 00:00:00,"Mason, OH",Phantom Regiment,-1.5,0.2999999999999998,0.15000000000000036,0.45000000000000107,0.09999999999999964,0.09999999999999964,0.2999999999999998,0.25,0.15000000000000036,0.25,0.0,0.1999999999999993,0.8999999999999986,0.0,0.8999999999999986,-1.2205501999999981,1.8824148500000035,,,,,,,1.0
63,,,"Mason, OH",Cincinnati Tradition,,,,,,,,,,,,,,,,,,,,,,,,
64,1.0,1 days 00:00:00,"Cedarburg, Wisconsin",The Cavaliers,-1.0,0.16666666666666666,0.16666666666666666,0.3333333333333333,0.0,0.6333333333333334,0.20000000000000048,0.4166666666666667,0.19999999999999987,0.19999999999999987,0.2333333333333331,0.3166666666666676,1.0833333333333333,0.0,1.0666666666666675,0.49849850000000134,0.029077966666667027,,,,,,,1.0
65,1.0,1 days 00:00:00,"Cedarburg, Wisconsin",Blue Stars,0.0,0.13333333333333344,0.06666666666666703,0.1999999999999993,0.3000000000000001,0.36666666666666653,0.16666666666666666,0.4166666666666667,0.3333333333333333,0.2666666666666669,0.13333333333333344,0.36666666666666714,0.9833333333333295,0.0,0.9833333333333295,0.49849850000000134,0.029077966666667027,,,,,,,1.0
66,1.0,1 days 00:00:00,"Cedarburg, Wisconsin",Colts,0.0,0.19999999999999987,0.06666666666666643,0.2666666666666669,0.19999999999999987,0.3333333333333333,0.19999999999999987,0.366666666666666,0.06666666666666643,0.2666666666666669,0.033333333333333805,0.18333333333333238,0.8166666666666677,0.0,0.8166666666666677,0.49849850000000134,0.029077966666667027,,,,,,,1.0
67,1.0,1 days 00:00:00,"Cedarburg, Wisconsin",Madison Scouts,0.0,0.2333333333333331,0.13333333333333344,0.36666666666666714,0.2333333333333337,0.39999999999999974,0.20000000000000048,0.4166666666666667,0.13333333333333344,0.3000000000000001,-0.13333333333333344,0.15000000000000094,0.9333333333333323,0.0,0.9333333333333323,0.49849850000000134,0.029077966666667027,,,,,,,1.0
68,1.0,1 days 00:00:00,"Cedarburg, Wisconsin",Colt Cadets,0.0,0.3333333333333333,-0.06666666666666643,0.2666666666666669,-0.06666666666666703,-0.26666666666666633,0.0,-0.16666666666666666,-0.16666666666666666,0.06666666666666703,-0.5666666666666664,-0.3333333333333333,-0.23333333333333428,0.0,-0.23333333333333428,0.49849850000000134,0.029077966666667027,,,,,,,1.0
69,0.6,1 days 00:00:00,"Clovis, California",Blue Devils,0.2,0.1,0.2400000000000002,0.33999999999999914,0.16000000000000014,0.1,0.08000000000000007,0.16999999999999957,0.060000000000000143,0.15999999999999978,0.08000000000000007,0.15,0.6599999999999995,0.0,0.6599999999999995,0.39998515999999995,-0.7239209999999986,,,,,,,1.0
70,0.6,1 days 00:00:00,"Clovis, California",Mandarins,0.2,0.05999999999999979,0.23999999999999985,0.3,0.18000000000000008,0.060000000000000143,0.1400000000000002,0.19000000000000056,0.11999999999999993,0.21999999999999992,0.13999999999999985,0.23999999999999985,0.7299999999999983,0.0,0.7299999999999983,0.39998515999999995,-0.7239209999999986,,,,,,,1.0
71,0.6,1 days 00:00:00,"Clovis, California",Santa Clara Vanguard,0.0,0.020000000000000285,0.17999999999999972,0.2,0.1400000000000002,0.019999999999999928,0.05999999999999979,0.11000000000000014,0.019999999999999928,0.18000000000000008,0.12000000000000029,0.16000000000000014,0.4700000000000017,0.0,0.4700000000000017,0.39998515999999995,-0.7239209999999986,,,,,,,1.0
72,0.6,1 days 00:00:00,"Clovis, California",Pacific Crest,0.2,0.12000000000000029,0.18000000000000008,0.3,0.16000000000000014,0.060000000000000143,0.21999999999999992,0.22000000000000028,0.21999999999999992,0.41999999999999993,0.18000000000000008,0.41000000000000014,0.9300000000000012,0.0,0.9300000000000012,0.39998515999999995,-0.7239209999999986,,,,,,,1.0
73,,,"Clovis, California",The Academy,,,,,,,,,,,,,,,,,,,,,,,,
74,,,"Portland, Oregon",Troopers,,,,,,,,,,,,,,,,,,,,,,,,
75,,,"Portland, Oregon",Blue Knights,,,,,,,,,,,,,,,,,,,,,,,,
76,,,"Portland, Oregon",Seattle Cascades,,,,,,,,,,,,,,,,,,,,,,,,
77,1.3333333333333333,1 days 00:00:00,"Rockford, Illinois",Phantom Regiment,1.0,0.033333333333333215,0.10000000000000024,0.13333333333333286,0.13333333333333344,0.3000000000000001,0.06666666666666703,0.25,0.16666666666666666,0.06666666666666703,0.2666666666666669,0.25,0.6333333333333352,0.0,0.6333333333333352,0.9704452999999992,-1.5946756666666648,,,,,,,1.0
78,1.5,1 days 00:00:00,"Rockford, Illinois",The Cavaliers,-0.5,-0.04999999999999982,0.04999999999999982,0.0,0.20000000000000018,-0.15000000000000036,0.25,0.15000000000000036,0.04999999999999982,0.3000000000000007,0.20000000000000018,0.2749999999999986,0.42500000000000426,0.0,0.42500000000000426,-0.5126300000000015,-0.5532155999999944,,,,,,,1.0
79,1.5,1 days 00:00:00,"Rockford, Illinois",Blue Stars,0.0,0.0,0.14999999999999947,0.15000000000000036,-0.14999999999999947,-0.09999999999999964,0.0,-0.125,0.10000000000000053,0.25,0.34999999999999964,0.34999999999999964,0.375,0.0,0.375,-0.5126300000000015,-0.5532155999999944,,,,,,,1.0
80,1.5,1 days 00:00:00,"Rockford, Illinois",Madison Scouts,0.0,0.10000000000000053,0.15000000000000036,0.25,0.0,-0.09999999999999964,0.09999999999999964,0.0,0.2999999999999998,0.04999999999999982,0.3000000000000007,0.3249999999999993,0.5749999999999957,0.0,0.5749999999999957,-0.5126300000000015,-0.5532155999999944,,,,,,,1.0
81,,,"Rockford, Illinois",River City Rhythm,,,,,,,,,,,,,,,,,,,,,,,,
82,1.5,1 days 00:00:00,"Rockford, Illinois",Colt Cadets,0.5,0.14999999999999947,0.04999999999999982,0.1999999999999993,0.35000000000000053,0.5,-0.04999999999999982,0.40000000000000036,0.34999999999999964,0.34999999999999964,0.6500000000000004,0.6750000000000007,1.2749999999999986,0.0,1.2749999999999986,-0.5126300000000015,-0.5532155999999944,,,,,,,1.0
83,3.0,1 days 00:00:00,"Stanford, California",Blue Devils,0.0,0.6000000000000014,-0.10000000000000142,0.5,-0.3000000000000007,0.0,-0.10000000000000142,-0.1999999999999993,0.09999999999999787,0.5,0.1999999999999993,0.40000000000000213,0.7000000000000028,0.0,0.7000000000000028,0.6013130000000046,-2.46738605534064,,,,,,,1.0
84,3.0,1 days 00:00:00,"Stanford, California",Mandarins,0.0,0.5,-0.40000000000000036,0.10000000000000142,-0.5,-0.20000000000000107,-0.20000000000000107,-0.45000000000000284,0.6999999999999993,0.3000000000000007,-0.29999999999999893,0.34999999999999787,0.0,0.0,0.0,0.6013130000000046,-2.46738605534064,,,,,,,1.0
85,3.0,1 days 00:00:00,"Stanford, California",Santa Clara Vanguard,0.0,0.29999999999999893,-0.09999999999999964,0.1999999999999993,-0.7000000000000011,0.1999999999999993,-0.5,-0.5,0.7000000000000011,0.40000000000000036,-0.10000000000000142,0.5,0.19999999999998863,0.0,0.19999999999998863,0.6013130000000046,-2.46738605534064,,,,,,,1.0
86,3.0,1 days 00:00:00,"Stanford, California",Pacific Crest,0.0,1.1999999999999993,0.5999999999999996,1.8000000000000007,0.09999999999999964,0.8000000000000007,-0.5999999999999996,0.14999999999999858,0.3000000000000007,-0.09999999999999964,0.0,0.10000000000000142,2.049999999999997,0.0,2.049999999999997,0.6013130000000046,-2.46738605534064,,,,,,,1.0
87,3.0,1 days 00:00:00,"Stanford, California",The Academy,0.0,1.6999999999999993,0.9000000000000004,2.6000000000000014,-1.5,-0.9000000000000004,0.09999999999999964,-1.1499999999999986,0.3000000000000007,0.20000000000000107,0.09999999999999964,0.29999999999999716,1.75,0.0,1.75,0.6013130000000046,-2.46738605534064,,,,,,,1.0
88,1.0,1 days 00:00:00,"Stanford, California",Blue Devils B,0.16666666666666666,0.06666666666666672,0.11666666666666685,0.183333333333333,-0.09999999999999994,0.13333333333333344,-0.05000000000000012,-0.008333333333333451,0.2333333333333334,-0.033333333333333215,0.16666666666666666,0.183333333333333,0.3583333333333331,0.0,0.3583333333333331,0.43353980000000075,-1.0144985092234389,,,,,,,1.0
89,1.0,1 days 00:00:00,"Stanford, California",Gold,-0.16666666666666666,0.04999999999999982,0.16666666666666666,0.21666666666666679,0.0,0.25,0.0,0.125,0.13333333333333316,0.05000000000000012,0.13333333333333344,0.15833333333333321,0.5,0.0,0.5,0.43353980000000075,-1.0144985092234389,,,,,,,1.0
90,1.0,1 days 00:00:00,"Stanford, California",Impulse,-0.16666666666666666,0.16666666666666666,0.4166666666666667,0.5833333333333334,0.05000000000000012,0.38333333333333347,0.04999999999999982,0.24166666666666684,0.21666666666666648,0.2666666666666666,0.25,0.36666666666666653,1.1916666666666664,0.0,1.1916666666666664,0.43353980000000075,-1.0144985092234389,,,,,,,1.0
91,,,"Stanford, California",Golden Empire,,,,,,,,,,,,,,,,,,,,,,,,
92,1.0,1 days 00:00:00,"Stanford, California",Vessel,0.16666666666666666,0.2333333333333334,0.20000000000000018,0.43333333333333296,0.09999999999999994,0.13333333333333316,0.06666666666666672,0.15000000000000036,0.2833333333333332,0.21666666666666648,-0.03333333333333351,0.2333333333333331,0.8166666666666677,0.0,0.8166666666666677,0.43353980000000075,-1.0144985092234389,,,,,,,1.0
93,1.0,1 days 00:00:00,"Stanford, California",Blue Devils C,0.5,0.31666666666666643,0.25,0.5666666666666664,0.06666666666666672,0.2999999999999998,-0.04999999999999982,0.15833333333333321,0.16666666666666666,0.21666666666666679,0.03333333333333351,0.20833333333333334,0.9333333333333323,0.0,0.9333333333333323,0.43353980000000075,-1.0144985092234389,,,,,,,1.0
94,3.0,1 days 00:00:00,"Seattle, Washington",Troopers,-1.0,0.40000000000000036,0.5,0.8999999999999986,0.5,-0.40000000000000036,0.7000000000000011,0.3999999999999986,-0.3000000000000007,0.5999999999999996,0.0,0.14999999999999858,1.4500000000000028,0.0,1.4500000000000028,2.0835849999999994,0.3441320000000019,,,,,,,1.0
95,3.0,1 days 00:00:00,"Seattle, Washington",Blue Knights,1.0,0.3999999999999986,1.0999999999999996,1.5,0.5,0.10000000000000142,0.5999999999999996,0.5999999999999979,0.3000000000000007,0.40000000000000036,0.3999999999999986,0.5500000000000007,2.6500000000000057,0.0,2.6500000000000057,2.0835849999999994,0.3441320000000019,,,,,,,1.0
96,3.0,1 days 00:00:00,"Seattle, Washington",Seattle Cascades,0.0,0.10000000000000142,0.1999999999999993,0.3000000000000007,-0.7000000000000011,-1.0,0.29999999999999893,-0.6999999999999993,-0.1999999999999993,0.09999999999999964,0.9000000000000004,0.40000000000000213,0.0,0.0,0.0,2.0835849999999994,0.3441320000000019,,,,,,,1.0
97,,,"Seattle, Washington",Columbians,,,,,,,,,,,,,,,,,,,,,,,,
98,1.75,1 days 00:00:00,"Whitewater, Wisconsin",Bluecoats,0.0,0.024999999999999467,0.17500000000000027,0.1999999999999993,0.17500000000000027,0.22499999999999964,0.20000000000000018,0.2999999999999998,0.1499999999999999,0.19999999999999973,0.2250000000000001,0.28749999999999964,0.7875000000000014,0.0,0.7875000000000014,0.8683958999999994,-1.1048322249999991,,,,,,,1.0
99,3.0,1 days 00:00:00,"Whitewater, Wisconsin",Phantom Regiment,-2.0,0.20000000000000107,0.5,0.6999999999999993,0.20000000000000107,0.3000000000000007,0.40000000000000036,0.4499999999999993,0.09999999999999964,0.6999999999999993,0.1999999999999993,0.5,1.6500000000000057,0.0,1.6500000000000057,0.5622477000000003,0.36469809999999825,,,,,,,1.0
100,3.0,1 days 00:00:00,"Whitewater, Wisconsin",The Cavaliers,-2.0,0.40000000000000036,0.1999999999999993,0.6000000000000014,0.5,0.3000000000000007,0.09999999999999964,0.4499999999999993,-0.09999999999999964,0.09999999999999964,0.3999999999999986,0.20000000000000284,1.25,0.0,1.25,0.5622477000000003,0.36469809999999825,,,,,,,1.0
101,2.0,1 days 00:00:00,"Whitewater, Wisconsin",Colts,0.0,0.2333333333333337,0.13333333333333344,0.366666666666666,0.033333333333333805,0.16666666666666666,0.13333333333333344,0.16666666666666666,0.13333333333333344,0.29999999999999954,0.29999999999999954,0.36666666666666714,0.8999999999999962,0.0,0.8999999999999962,-0.1543374333333342,-0.2472443666666635,,,,,,,1.0
102,3.0,1 days 00:00:00,"Whitewater, Wisconsin",Madison Scouts,4.0,0.09999999999999964,0.29999999999999893,0.3999999999999986,-0.10000000000000142,0.3999999999999986,0.1999999999999993,0.25,-0.3000000000000007,0.3000000000000007,1.0,0.5,1.1500000000000057,0.0,1.1500000000000057,0.5622477000000003,0.36469809999999825,,,,,,,1.0
103,3.0,1 days 00:00:00,"Whitewater, Wisconsin",Colt Cadets,-1.0,0.20000000000000107,0.1999999999999993,0.3999999999999986,0.3999999999999986,0.40000000000000036,0.1999999999999993,0.5,-0.5,0.3000000000000007,2.0999999999999996,0.9499999999999993,1.8500000000000014,0.0,1.8500000000000014,0.5622477000000003,0.36469809999999825,,,,,,,1.0
104,,,"Whitewater, Wisconsin",Rogues Hollow Regiment,,,,,,,,,,,,,,,,,,,,,,,,
105,1.0,1 days 00:00:00,"LaCrosse, Wisconsin",Bluecoats,0.0,0.20000000000000284,0.6999999999999993,0.8999999999999986,0.29999999999999716,0.10000000000000142,0.0,0.1999999999999993,0.5999999999999996,0.10000000000000142,0.10000000000000142,0.40000000000000213,1.5,0.0,1.5,1.0706598499999984,-2.3748384041795845,,,,,,,1.0
106,1.0,1 days 00:00:00,"LaCrosse, Wisconsin",Phantom Regiment,0.0,-0.09999999999999964,1.0999999999999979,1.0000000000000036,0.1999999999999993,0.20000000000000107,0.3000000000000007,0.3500000000000014,0.1999999999999993,0.10000000000000142,0.0,0.15000000000000213,1.5,0.0,1.5,1.0706598499999984,-2.3748384041795845,,,,,,,1.0
107,1.0,1 days 00:00:00,"LaCrosse, Wisconsin",Colts,0.0,-0.3000000000000007,0.9000000000000004,0.6000000000000014,0.0,0.29999999999999893,-0.10000000000000142,0.10000000000000142,0.09999999999999964,0.20000000000000107,-0.09999999999999964,0.10000000000000142,0.8000000000000114,0.0,0.8000000000000114,1.0706598499999984,-2.3748384041795845,,,,,,,1.0
108,2.0,1 days 00:00:00,"LaCrosse, Wisconsin",Blue Stars,1.5,0.09999999999999964,0.25,0.34999999999999964,0.14999999999999947,0.20000000000000018,0.15000000000000036,0.25,0.20000000000000018,0.0,0.05000000000000071,0.125,0.7250000000000014,0.0,0.7250000000000014,0.8164537749999994,-1.0050701520897931,,,,,,,1.0
109,1.0,1 days 00:00:00,"LaCrosse, Wisconsin",Madison Scouts,-4.0,0.3000000000000007,0.0,0.3000000000000007,0.3000000000000007,0.10000000000000142,0.3000000000000007,0.34999999999999787,0.10000000000000142,0.1999999999999993,-0.3000000000000007,0.0,0.6500000000000057,0.0,0.6500000000000057,1.0706598499999984,-2.3748384041795845,,,,,,,1.0
110,2.0,1 days 00:00:00,"LaCrosse, Wisconsin",River City Rhythm,0.0,-0.04999999999999982,-0.15000000000000036,-0.1999999999999993,0.25,-0.15000000000000036,0.5,0.3000000000000007,0.15000000000000036,-0.14999999999999947,0.3000000000000007,0.15000000000000036,0.25,0.0,0.25,0.8164537749999994,-1.0050701520897931,,,,,,,1.0
111,4.0,1 days 00:00:00,"Sacramento, California",Blue Devils,-1.0,-0.10000000000000142,0.1999999999999993,0.10000000000000142,0.1999999999999993,0.6000000000000014,0.3000000000000007,0.5500000000000007,0.3000000000000007,-0.3000000000000007,0.1999999999999993,0.09999999999999787,0.75,0.0,0.75,1.1545198999999968,0.676410455340644,,,,,,,1.0
112,4.0,1 days 00:00:00,"Sacramento, California",Mandarins,1.0,0.5000000000000018,0.8000000000000007,1.3000000000000007,0.40000000000000036,0.6000000000000014,-0.09999999999999964,0.45000000000000284,0.3000000000000007,-0.3000000000000007,0.09999999999999964,0.05000000000000071,1.8000000000000114,0.0,1.8000000000000114,1.1545198999999968,0.676410455340644,,,,,,,1.0
113,4.0,1 days 00:00:00,"Sacramento, California",Santa Clara Vanguard,0.0,0.3000000000000007,0.7000000000000011,1.0,0.9000000000000004,0.3000000000000007,-0.09999999999999964,0.5500000000000007,0.29999999999999893,-0.6999999999999993,0.10000000000000142,-0.14999999999999858,1.4000000000000057,0.0,1.4000000000000057,1.1545198999999968,0.676410455340644,,,,,,,1.0
114,4.0,1 days 00:00:00,"Sacramento, California",Pacific Crest,-1.0,-0.5999999999999996,1.1000000000000014,0.5,-0.7999999999999989,1.0,-0.20000000000000107,0.0,0.1999999999999993,-0.5999999999999996,0.09999999999999964,-0.15000000000000213,0.3499999999999943,0.0,0.3499999999999943,1.1545198999999968,0.676410455340644,,,,,,,1.0
115,4.0,1 days 00:00:00,"Sacramento, California",The Academy,1.0,-0.6999999999999993,1.4000000000000004,0.6999999999999993,0.09999999999999964,1.5,0.0,0.8000000000000007,0.1999999999999993,-0.9000000000000004,-0.09999999999999964,-0.3999999999999986,1.0999999999999943,0.0,1.0999999999999943,1.1545198999999968,0.676410455340644,,,,,,,1.0
116,4.0,1 days 00:00:00,"Sacramento, California",Blue Devils B,0.0,1.0999999999999996,0.7999999999999989,1.9000000000000021,0.5999999999999996,-0.20000000000000107,0.40000000000000036,0.40000000000000213,-1.1999999999999993,0.6999999999999993,0.09999999999999964,-0.1999999999999993,2.0999999999999943,0.0,2.0999999999999943,1.1545198999999968,0.676410455340644,,,,,,,1.0
117,4.0,1 days 00:00:00,"Sacramento, California",Gold,0.0,1.6000000000000014,0.40000000000000036,2.0,0.29999999999999893,-0.5,0.0,-0.09999999999999787,-0.8999999999999986,0.5,0.1999999999999993,-0.10000000000000142,1.7999999999999972,0.0,1.7999999999999972,1.1545198999999968,0.676410455340644,,,,,,,1.0
118,4.0,1 days 00:00:00,"Sacramento, California",Impulse,0.0,1.5999999999999996,-0.40000000000000036,1.2000000000000028,-0.3000000000000007,-0.5,0.0,-0.40000000000000213,-0.7999999999999989,0.7000000000000011,-0.09999999999999964,-0.09999999999999787,0.7000000000000028,0.0,0.7000000000000028,1.1545198999999968,0.676410455340644,,,,,,,1.0
119,4.0,1 days 00:00:00,"Sacramento, California",Golden Empire,0.0,0.8000000000000007,-0.40000000000000036,0.3999999999999986,0.0,0.40000000000000036,0.40000000000000036,0.3999999999999986,-0.3999999999999986,1.0,0.0,0.3000000000000007,1.1000000000000014,0.0,1.1000000000000014,1.1545198999999968,0.676410455340644,,,,,,,1.0
120,4.0,1 days 00:00:00,"Sacramento, California",Blue Devils C,-4.0,-0.1999999999999993,-0.29999999999999893,-0.5,-0.6999999999999993,0.20000000000000107,0.5999999999999996,0.05000000000000071,0.0,0.3999999999999986,0.3999999999999986,0.40000000000000036,-0.04999999999999716,0.0,-0.04999999999999716,1.1545198999999968,0.676410455340644,,,,,,,1.0
121,2.0,1 days 00:00:00,"Kennewick, Washington",Troopers,1.0,0.20000000000000018,0.09999999999999964,0.3000000000000007,0.20000000000000018,0.6500000000000004,0.34999999999999964,0.6000000000000014,0.4500000000000002,0.10000000000000053,0.5,0.5250000000000004,1.4249999999999972,0.0,1.4249999999999972,-0.6975627499999995,1.605071500000001,,,,,,,1.0
122,2.0,1 days 00:00:00,"Kennewick, Washington",Blue Knights,0.0,0.35000000000000053,-0.09999999999999964,0.25,0.09999999999999964,0.34999999999999964,0.25,0.34999999999999964,0.2999999999999998,0.34999999999999964,0.3000000000000007,0.47499999999999964,1.0750000000000028,0.0,1.0750000000000028,-0.6975627499999995,1.605071500000001,,,,,,,1.0
123,2.0,1 days 00:00:00,"Kennewick, Washington",Seattle Cascades,-1.0,0.25,0.10000000000000053,0.34999999999999964,0.35000000000000053,0.5,-0.04999999999999982,0.3999999999999986,0.1999999999999993,-0.10000000000000053,-0.10000000000000053,0.0,0.75,0.0,0.75,-0.6975627499999995,1.605071500000001,,,,,,,1.0
124,2.0,1 days 00:00:00,"Kennewick, Washington",Columbians,0.0,-0.09999999999999964,-0.34999999999999964,-0.45000000000000107,0.1999999999999993,0.6000000000000005,-0.15000000000000036,0.32500000000000107,0.20000000000000018,-0.34999999999999964,0.04999999999999982,-0.05000000000000071,-0.17500000000000426,0.0,-0.17500000000000426,-0.6975627499999995,1.605071500000001,,,,,,,1.0
125,1.8333333333333333,1 days 00:00:00,"Sevierville, Tennessee",Carolina Crown,0.16666666666666666,0.13333333333333344,0.19999999999999987,0.33333333333333276,0.18333333333333326,0.2333333333333334,0.16666666666666666,0.2916666666666667,0.06666666666666643,0.36666666666666653,0.14999999999999977,0.2916666666666667,0.9166666666666666,0.0,0.9166666666666666,-0.5819855166666675,0.12468399999999964,,,,,,,1.0
126,,,"Sevierville, Tennessee",Crossmen,,,,,,,,,,,,,,,,,,,,,,,,
127,,,"Sevierville, Tennessee",Spirit of Atlanta,,,,,,,,,,,,,,,,,,,,,,,,
128,,,"Sevierville, Tennessee",Music City,,,,,,,,,,,,,,,,,,,,,,,,
129,1.6666666666666667,1 days 00:00:00,"Sevierville, Tennessee",Spartans,-0.1111111111111111,0.12222222222222218,0.12222222222222218,0.24444444444444435,0.3888888888888889,-0.022222222222222143,0.06666666666666662,0.2166666666666666,0.2222222222222222,0.1111111111111111,0.1555555555555554,0.24444444444444435,0.7055555555555557,0.0,0.7055555555555557,-0.6058050833333337,-1.1642422321462442,,,,,,,1.0
130,1.5,1 days 00:00:00,"Boise, Idaho",Mandarins,-1.0,0.09999999999999964,0.05000000000000071,0.14999999999999858,0.25,0.25,0.5,0.5,0.2999999999999998,0.20000000000000018,-0.20000000000000018,0.15000000000000036,0.7999999999999972,0.0,0.7999999999999972,2.517777849999998,2.646504499999999,,,,,,,1.0
131,2.0,1 days 00:00:00,"Boise, Idaho",Troopers,-1.0,0.0,0.09999999999999964,0.09999999999999787,-0.20000000000000107,-0.20000000000000107,-0.09999999999999964,-0.25,0.3000000000000007,0.09999999999999964,-1.1999999999999993,-0.40000000000000213,-0.5499999999999972,0.0,-0.5499999999999972,-2.5920903000000024,2.919032999999999,,,,,,,1.0
132,2.0,1 days 00:00:00,"Boise, Idaho",Blue Knights,-1.0,0.0,0.09999999999999964,0.10000000000000142,-0.5999999999999996,0.3000000000000007,-1.0,-0.6499999999999986,0.40000000000000036,0.10000000000000142,-1.200000000000001,-0.3500000000000014,-0.9000000000000057,0.0,-0.9000000000000057,-2.5920903000000024,2.919032999999999,,,,,,,1.0
133,2.0,1 days 00:00:00,"Boise, Idaho",Seattle Cascades,3.0,0.29999999999999893,0.0,0.3000000000000007,-1.1000000000000014,1.0,2.5,1.2000000000000028,0.40000000000000036,0.20000000000000107,-0.29999999999999893,0.14999999999999858,1.6499999999999986,0.0,1.6499999999999986,-2.5920903000000024,2.919032999999999,,,,,,,1.0
134,2.5,1 days 00:00:00,"Mankato, Minnesota",Phantom Regiment,0.5,0.25,-0.25,0.0,0.05000000000000071,0.25,0.1999999999999993,0.25,0.10000000000000053,0.09999999999999964,0.05000000000000071,0.125,0.375,0.0,0.375,0.12958212500000243,-1.4476220979102123,,,,,,,1.0
135,2.5,1 days 00:00:00,"Mankato, Minnesota",Colts,-0.5,0.34999999999999964,-0.4500000000000002,-0.09999999999999964,0.09999999999999964,0.20000000000000018,0.20000000000000018,0.25,0.0,0.04999999999999982,-0.04999999999999982,0.0,0.14999999999999858,0.0,0.14999999999999858,0.12958212500000243,-1.4476220979102123,,,,,,,1.0
136,2.5,1 days 00:00:00,"Mankato, Minnesota",Madison Scouts,0.0,0.25,0.05000000000000071,0.3000000000000007,0.15000000000000036,0.34999999999999964,0.15000000000000036,0.32500000000000107,0.14999999999999947,0.20000000000000018,0.20000000000000018,0.27500000000000036,0.8999999999999986,0.0,0.8999999999999986,0.12958212500000243,-1.4476220979102123,,,,,,,1.0
137,2.5,1 days 00:00:00,"Mankato, Minnesota",River City Rhythm,0.5,0.7999999999999998,0.5,1.299999999999999,0.0,0.15000000000000036,0.5999999999999996,0.375,0.25,0.75,0.1999999999999993,0.5999999999999996,2.275000000000002,0.0,2.275000000000002,0.12958212500000243,-1.4476220979102123,,,,,,,1.0
138,2.0,1 days 00:00:00,"Mankato, Minnesota",Colt Cadets,0.0,-0.06666666666666703,0.13333333333333344,0.06666666666666761,0.13333333333333344,-0.033333333333333805,0.2666666666666669,0.18333333333333357,0.36666666666666714,0.033333333333333215,-0.9333333333333336,-0.2666666666666669,-0.01666666666666572,0.0,-0.01666666666666572,0.4432747000000011,-1.756694200000003,,,,,,,1.0
139,1.8,1 days 00:00:00,"Mankato, Minnesota",Govenaires,0.0,0.009999999999999964,0.14000000000000004,0.15,0.039999999999999855,0.05,0.060000000000000143,0.075,0.05,0.05999999999999996,0.05,0.08000000000000007,0.3049999999999997,0.0,0.3049999999999997,0.10887053000000009,-0.4615589200000002,,,,,,,1.0
140,2.0,1 days 00:00:00,"Newnan, Georgia",Boston Crusaders,0.14285714285714285,0.12857142857142836,0.1857142857142858,0.31428571428571417,0.15714285714285683,0.21428571428571427,0.1857142857142858,0.27857142857142897,0.15714285714285708,0.31428571428571445,0.1857142857142858,0.32142857142857145,0.9214285714285718,0.0,0.9214285714285718,-0.8541981428571432,-0.06995975714285814,,,,,,,1.0
141,3.0,1 days 00:00:00,"Newnan, Georgia",Crossmen,-1.0,0.5,0.1999999999999993,0.6999999999999993,0.3000000000000007,0.1999999999999993,0.1999999999999993,0.3500000000000014,0.0,0.0,0.6000000000000014,0.3000000000000007,1.3499999999999943,0.0,1.3499999999999943,-2.4874738999999977,-1.2378223000000048,,,,,,,1.0
142,3.0,1 days 00:00:00,"Newnan, Georgia",Spirit of Atlanta,2.0,0.1999999999999993,0.0,0.1999999999999993,0.09999999999999964,0.09999999999999964,0.10000000000000142,0.15000000000000213,0.5,-0.20000000000000107,1.0,0.6500000000000021,1.0,0.0,1.0,-2.4874738999999977,-1.2378223000000048,,,,,,,1.0
143,3.0,1 days 00:00:00,"Newnan, Georgia",Music City,0.0,0.1999999999999993,0.09999999999999964,0.29999999999999716,-0.10000000000000142,-0.09999999999999964,0.20000000000000107,0.0,0.5,0.09999999999999964,1.4000000000000004,1.0,1.2999999999999972,0.0,1.2999999999999972,-2.4874738999999977,-1.2378223000000048,,,,,,,1.0
144,3.0,1 days 00:00:00,"Newnan, Georgia",Spartans,0.0,0.20000000000000107,0.3000000000000007,0.5,0.09999999999999964,0.09999999999999964,0.7999999999999989,0.5,0.5999999999999996,0.3999999999999986,0.8000000000000007,0.9000000000000021,1.9000000000000057,0.0,1.9000000000000057,-2.4874738999999977,-1.2378223000000048,,,,,,,1.0
145,,,"Newnan, Georgia",Atlanta CV,,,,,,,,,,,,,,,,,,,,,,,,
146,2.0,1 days 00:00:00,"Ogden, Utah",Blue Devils,1.0,0.033333333333333805,0.23333333333333428,0.2666666666666681,0.10000000000000024,-0.16666666666666666,0.16666666666666666,0.049999999999999524,0.20000000000000048,0.20000000000000048,0.2666666666666669,0.3333333333333333,0.6500000000000009,0.0,0.6500000000000009,0.8806480666666658,3.1733507000000003,,,,,,,1.0
147,3.0,1 days 00:00:00,"Ogden, Utah",Mandarins,3.0,-0.5,0.09999999999999787,-0.3999999999999986,0.09999999999999964,-0.6000000000000014,-0.1999999999999993,-0.3500000000000014,-0.3000000000000007,0.40000000000000036,1.200000000000001,0.6499999999999986,-0.09999999999999432,0.0,-0.09999999999999432,-2.3936114999999987,4.227043100000003,,,,,,,1.0
148,2.0,1 days 00:00:00,"Ogden, Utah",Santa Clara Vanguard,0.0,0.16666666666666666,0.06666666666666643,0.2333333333333331,0.06666666666666703,0.06666666666666643,0.3333333333333333,0.2333333333333331,0.06666666666666703,0.2666666666666669,0.16666666666666666,0.25,0.7166666666666686,0.0,0.7166666666666686,0.8806480666666658,3.1733507000000003,,,,,,,1.0
149,3.0,1 days 00:00:00,"Ogden, Utah",Troopers,3.0,0.3000000000000007,0.0,0.3000000000000007,0.5,-0.29999999999999893,-0.3000000000000007,-0.05000000000000071,0.0,0.5999999999999996,1.8000000000000007,1.2000000000000028,1.4500000000000028,0.0,1.4500000000000028,-2.3936114999999987,4.227043100000003,,,,,,,1.0
150,3.0,1 days 00:00:00,"Ogden, Utah",Blue Knights,7.0,0.0,0.09999999999999964,0.09999999999999787,0.40000000000000036,-0.3000000000000007,0.09999999999999964,0.10000000000000142,-0.40000000000000036,0.5,1.9000000000000004,1.0,1.2000000000000028,0.0,1.2000000000000028,-2.3936114999999987,4.227043100000003,,,,,,,1.0
151,2.0,1 days 00:00:00,"Ogden, Utah",Pacific Crest,0.6666666666666666,-0.033333333333333215,0.0,-0.033333333333332625,0.3333333333333333,-0.40000000000000036,0.43333333333333357,0.18333333333333357,-0.19999999999999987,0.16666666666666666,0.13333333333333344,0.05000000000000071,0.20000000000000284,0.0,0.20000000000000284,0.8806480666666658,3.1733507000000003,,,,,,,1.0
152,2.0,1 days 00:00:00,"Ogden, Utah",The Academy,0.0,0.19999999999999987,0.06666666666666643,0.2666666666666669,0.6666666666666666,-0.3333333333333333,0.06666666666666703,0.1999999999999993,0.033333333333333215,0.2333333333333331,0.36666666666666653,0.31666666666666643,0.7833333333333362,0.0,0.7833333333333362,0.8806480666666658,3.1733507000000003,,,,,,,1.0
153,3.0,1 days 00:00:00,"Ogden, Utah",Seattle Cascades,-2.0,-0.5,0.0,-0.5,1.5,-0.5,-1.8000000000000007,-0.40000000000000213,-0.1999999999999993,0.29999999999999893,-0.09999999999999964,0.0,-0.8999999999999986,0.0,-0.8999999999999986,-2.3936114999999987,4.227043100000003,,,,,,,1.0
154,,,"Ogden, Utah",The Battalion,,,,,,,,,,,,,,,,,,,,,,,,
155,1.5,1 days 00:00:00,"Dubuque, Iowa",Phantom Regiment,0.0,0.049999999999998934,0.10000000000000142,0.14999999999999858,0.1999999999999993,0.049999999999998934,0.15000000000000036,0.1999999999999993,0.40000000000000036,0.049999999999998934,0.34999999999999964,0.3999999999999986,0.75,0.0,0.75,-0.8314210000000024,1.667276000000001,,,,,,,1.0
156,1.8,1 days 00:00:00,"Dubuque, Iowa",The Cavaliers,0.2,0.0,0.12000000000000029,0.11999999999999958,-0.019999999999999928,0.08000000000000007,0.0,0.030000000000000426,0.18000000000000008,-0.019999999999999928,-0.07999999999999971,0.039999999999999855,0.18999999999999773,0.0,0.18999999999999773,-0.0666035800000003,-0.3871061200000014,,,,,,,1.0
157,1.5,1 days 00:00:00,"Dubuque, Iowa",Colts,1.0,-0.04999999999999982,0.10000000000000053,0.049999999999998934,0.25,0.0,-0.14999999999999947,0.049999999999998934,0.40000000000000036,0.09999999999999964,0.4499999999999993,0.47499999999999964,0.5749999999999957,0.0,0.5749999999999957,-0.8314210000000024,1.667276000000001,,,,,,,1.0
158,2.0,1 days 00:00:00,"Dubuque, Iowa",Blue Stars,-1.0,0.10000000000000009,0.07500000000000018,0.1750000000000007,0.25000000000000044,0.07499999999999973,0.04999999999999982,0.1875,0.22499999999999964,0.10000000000000009,0.20000000000000018,0.2625000000000002,0.625,0.0,0.625,-0.3509194375,0.10982695104489437,,,,,,,1.0
159,1.5,1 days 00:00:00,"Dubuque, Iowa",River City Rhythm,-0.5,-0.6500000000000004,0.5500000000000007,-0.09999999999999964,0.0,0.5,0.10000000000000053,0.3000000000000007,-0.25,-0.8000000000000007,0.05000000000000071,-0.5,-0.30000000000000426,0.0,-0.30000000000000426,-0.8314210000000024,1.667276000000001,,,,,,,1.0
160,1.5,1 days 00:00:00,"Dubuque, Iowa",Colt Cadets,0.5,-0.09999999999999964,0.0,-0.10000000000000142,-0.04999999999999982,0.05000000000000071,0.09999999999999964,0.049999999999998934,-0.15000000000000036,-0.20000000000000018,0.40000000000000036,0.025000000000000355,-0.02500000000000213,0.0,-0.02500000000000213,-0.8314210000000024,1.667276000000001,,,,,,,1.0
161,1.5,1 days 00:00:00,"Muscle Shoals, Alabama",Boston Crusaders,0.5,0.15000000000000036,0.1999999999999993,0.3500000000000014,-0.049999999999998934,0.20000000000000107,0.14999999999999858,0.14999999999999858,0.25,-0.05000000000000071,-0.05000000000000071,0.09999999999999964,0.5749999999999957,0.0,0.5749999999999957,0.681503750000001,-1.4268020999999962,,,,,,,1.0
162,1.5,1 days 00:00:00,"Muscle Shoals, Alabama",Crossmen,0.0,0.09999999999999964,0.09999999999999964,0.20000000000000107,-0.04999999999999982,0.20000000000000018,0.15000000000000036,0.14999999999999858,0.0,0.40000000000000036,-0.40000000000000036,0.0,0.3500000000000014,0.0,0.3500000000000014,0.681503750000001,-1.4268020999999962,,,,,,,1.0
163,1.5,1 days 00:00:00,"Muscle Shoals, Alabama",Spirit of Atlanta,-0.5,0.10000000000000053,-0.04999999999999982,0.05000000000000071,-0.25,0.04999999999999982,0.14999999999999947,-0.025000000000000355,0.15000000000000036,0.8000000000000007,-0.4500000000000002,0.25,0.2749999999999986,0.0,0.2749999999999986,0.681503750000001,-1.4268020999999962,,,,,,,1.0
164,1.5,1 days 00:00:00,"Muscle Shoals, Alabama",Music City,0.0,0.20000000000000018,0.20000000000000018,0.40000000000000036,-0.14999999999999947,0.15000000000000036,0.20000000000000018,0.09999999999999964,0.25,0.40000000000000036,-0.5999999999999996,0.025000000000000355,0.5249999999999986,0.0,0.5249999999999986,0.681503750000001,-1.4268020999999962,,,,,,,1.0
165,1.5,1 days 00:00:00,"Muscle Shoals, Alabama",Spartans,0.0,0.14999999999999947,-0.04999999999999982,0.09999999999999964,0.0,0.25,0.3000000000000007,0.27500000000000036,0.15000000000000036,-0.04999999999999982,-0.6500000000000004,-0.27500000000000036,0.09999999999999432,0.0,0.09999999999999432,0.681503750000001,-1.4268020999999962,,,,,,,1.0
166,1.5,1 days 00:00:00,"Cheyenne, Wyoming",Troopers,0.0,0.09999999999999964,0.20000000000000018,0.3000000000000007,0.15000000000000036,0.39999999999999947,0.10000000000000053,0.3249999999999993,0.29999999999999893,0.15000000000000036,0.049999999999998934,0.25,0.875,0.0,0.875,-0.04151189999999971,3.5767984499999983,,,,,,,1.0
167,1.5,1 days 00:00:00,"Cheyenne, Wyoming",Pacific Crest,-0.5,0.2999999999999998,0.04999999999999982,0.34999999999999964,0.14999999999999947,0.7000000000000002,0.34999999999999964,0.5999999999999996,0.7000000000000002,0.15000000000000036,0.04999999999999982,0.4499999999999993,1.3999999999999986,0.0,1.3999999999999986,-0.04151189999999971,3.5767984499999983,,,,,,,1.0
168,1.5,1 days 00:00:00,"Cheyenne, Wyoming",The Academy,0.5,0.04999999999999982,-0.04999999999999982,0.0,-0.04999999999999982,0.5499999999999998,0.34999999999999964,0.4250000000000007,-0.4499999999999993,0.4500000000000002,0.0,0.0,0.42499999999999716,0.0,0.42499999999999716,-0.04151189999999971,3.5767984499999983,,,,,,,1.0
169,,,"Cheyenne, Wyoming",Genesis,,,,,,,,,,,,,,,,,,,,,,,,
170,1.5,1 days 00:00:00,"Cheyenne, Wyoming",Seattle Cascades,-0.5,0.10000000000000053,-0.10000000000000053,0.0,-0.5,0.04999999999999982,0.4500000000000002,0.0,-0.15000000000000036,0.0,0.4499999999999993,0.15000000000000036,0.15000000000000213,0.0,0.15000000000000213,-0.04151189999999971,3.5767984499999983,,,,,,,1.0
171,1.5,1 days 00:00:00,"Cheyenne, Wyoming",The Battalion,0.0,0.2999999999999998,0.04999999999999982,0.34999999999999964,-0.20000000000000018,0.5,0.35000000000000053,0.3249999999999993,0.04999999999999982,0.15000000000000036,0.40000000000000036,0.3000000000000007,0.9750000000000014,0.0,0.9750000000000014,-0.04151189999999971,3.5767984499999983,,,,,,,1.0
172,2.0,1 days 00:00:00,"Riverside, California",Blue Devils B,-0.2,0.060000000000000143,0.040000000000000216,0.1,0.35999999999999976,0.08000000000000007,0.36000000000000015,0.4,0.31999999999999995,0.060000000000000143,0.060000000000000143,0.22000000000000028,0.7200000000000017,0.0,0.7200000000000017,-0.9718123000000005,1.0913295599999997,,,,,,,1.0
173,2.0,1 days 00:00:00,"Riverside, California",Gold,0.2,0.039999999999999855,0.019999999999999928,0.05999999999999943,0.38000000000000006,0.1,0.31999999999999995,0.4,0.15999999999999978,0.1,0.1,0.18000000000000044,0.6400000000000006,0.0,0.6400000000000006,-0.9718123000000005,1.0913295599999997,,,,,,,1.0
174,2.0,1 days 00:00:00,"Riverside, California",Impulse,0.2,0.020000000000000285,0.08000000000000007,0.1,0.38000000000000006,0.019999999999999928,0.2800000000000001,0.3400000000000006,0.3,0.05999999999999979,0.1400000000000002,0.25,0.6899999999999992,0.0,0.6899999999999992,-0.9718123000000005,1.0913295599999997,,,,,,,1.0
175,2.0,1 days 00:00:00,"Riverside, California",Golden Empire,-0.4,0.1,0.0,0.1,0.2400000000000002,0.0,0.11999999999999993,0.17999999999999972,0.07999999999999971,-0.019999999999999928,0.1,0.07999999999999971,0.35999999999999943,0.0,0.35999999999999943,-0.9718123000000005,1.0913295599999997,,,,,,,1.0
176,2.3333333333333335,1 days 00:00:00,"Riverside, California",Vessel,0.16666666666666666,0.08333333333333333,0.16666666666666666,0.25,0.11666666666666654,0.15000000000000005,0.11666666666666654,0.19166666666666643,0.11666666666666685,0.05000000000000012,0.2666666666666666,0.21666666666666679,0.6583333333333327,0.0,0.6583333333333327,-0.617423600000001,1.0221763758901072,,,,,,,1.0
177,,,"Clifton, New Jersey",Jersey Surf,,,,,,,,,,,,,,,,,,,,,,,,
178,1.7142857142857142,1 days 00:00:00,"Clifton, New Jersey",Reading Buccaneers,0.0,0.14285714285714285,0.12857142857142861,0.27142857142857124,0.06428571428571418,0.24285714285714288,0.1642857142857142,0.23571428571428577,0.07142857142857142,0.08571428571428566,0.0999999999999999,0.12857142857142861,0.6357142857142851,0.0,0.6357142857142851,-0.03299703214285695,-0.07715002780830003,,,,,,,1.0
179,1.7142857142857142,1 days 00:00:00,"Clifton, New Jersey",Bushwackers Drum Corps,0.0,0.16428571428571434,0.16428571428571434,0.3285714285714287,0.06428571428571431,0.23571428571428577,0.1785714285714287,0.23928571428571438,0.02857142857142847,0.0928571428571429,0.10714285714285728,0.1142857142857144,0.6821428571428569,0.0,0.6821428571428569,-0.03299703214285695,-0.07715002780830003,,,,,,,1.0
180,1.7142857142857142,1 days 00:00:00,"Clifton, New Jersey",Hawthorne Caballeros,0.14285714285714285,0.08571428571428566,0.10714285714285728,0.1928571428571428,0.07142857142857142,0.2142857142857144,0.12142857142857137,0.20357142857142843,0.07857142857142854,0.07857142857142842,0.14285714285714285,0.1500000000000001,0.5464285714285718,0.0,0.5464285714285718,-0.03299703214285695,-0.07715002780830003,,,,,,,1.0
181,1.7142857142857142,1 days 00:00:00,"Clifton, New Jersey",Hurricanes,-0.14285714285714285,0.16428571428571434,0.10714285714285714,0.27142857142857146,0.15714285714285722,0.1928571428571428,0.17142857142857157,0.26071428571428584,0.07857142857142854,0.08571428571428566,0.14999999999999997,0.15714285714285708,0.6892857142857147,0.0,0.6892857142857147,-0.03299703214285695,-0.07715002780830003,,,,,,,1.0
182,1.7142857142857142,1 days 00:00:00,"Clifton, New Jersey",Fusion Core,0.0,0.16428571428571434,0.1285714285714285,0.292857142857143,-0.04285714285714283,0.15714285714285708,0.13571428571428573,0.125,0.0285714285714286,0.12142857142857137,0.06428571428571431,0.10714285714285714,0.5250000000000006,0.0,0.5250000000000006,-0.03299703214285695,-0.07715002780830003,,,,,,,1.0
183,1.7142857142857142,1 days 00:00:00,"Clifton, New Jersey",Sunrisers,0.0,0.10714285714285714,0.14285714285714285,0.25,0.02857142857142847,0.12142857142857151,0.09285714285714278,0.12142857142857137,0.04285714285714283,0.0071428571428571175,0.04285714285714283,0.046428571428571326,0.4178571428571424,0.0,0.4178571428571424,-0.03299703214285695,-0.07715002780830003,,,,,,,1.0
184,2.0,1 days 00:00:00,"Fort Collins, Colorado",Blue Devils,0.3333333333333333,0.13333333333333286,0.06666666666666643,0.1999999999999981,0.2666666666666669,0.16666666666666666,0.2666666666666669,0.35000000000000026,0.0,0.033333333333333805,-0.10000000000000024,-0.033333333333332625,0.5166666666666657,0.0,0.5166666666666657,-0.2119422000000005,2.2989438666666664,,,,,,,1.0
185,2.0,1 days 00:00:00,"Fort Collins, Colorado",Santa Clara Vanguard,0.0,0.19999999999999987,0.10000000000000024,0.29999999999999954,0.2333333333333331,0.16666666666666727,0.2333333333333331,0.31666666666666643,0.19999999999999987,-0.033333333333333805,0.16666666666666666,0.16666666666666666,0.7833333333333314,0.0,0.7833333333333314,-0.2119422000000005,2.2989438666666664,,,,,,,1.0
186,2.0,1 days 00:00:00,"Fort Collins, Colorado",Mandarins,0.3333333333333333,0.13333333333333286,0.13333333333333405,0.2666666666666657,0.13333333333333286,0.16666666666666666,0.1999999999999993,0.25,-0.033333333333332625,0.10000000000000024,0.10000000000000024,0.08333333333333333,0.5999999999999991,0.0,0.5999999999999991,-0.2119422000000005,2.2989438666666664,,,,,,,1.0
187,3.0,1 days 00:00:00,"Fort Collins, Colorado",Troopers,1.0,0.0,-0.1999999999999993,-0.20000000000000284,-0.09999999999999964,-0.29999999999999893,0.09999999999999964,-0.14999999999999858,-0.1999999999999993,0.0,-0.3999999999999986,-0.3000000000000007,-0.6500000000000057,0.0,-0.6500000000000057,-0.552802800000002,-0.25676529999999786,,,,,,,1.0
188,2.0,1 days 00:00:00,"Fort Collins, Colorado",Blue Knights,0.3333333333333333,-0.13333333333333344,0.2666666666666669,0.13333333333333405,0.06666666666666643,0.06666666666666643,0.3000000000000001,0.2166666666666662,-0.06666666666666643,0.0,-0.3333333333333333,-0.1999999999999993,0.15000000000000094,0.0,0.15000000000000094,-0.2119422000000005,2.2989438666666664,,,,,,,1.0
189,3.0,1 days 00:00:00,"Fort Collins, Colorado",Pacific Crest,2.0,0.5999999999999996,-0.20000000000000107,0.3999999999999986,-0.1999999999999993,-0.3000000000000007,-0.3999999999999986,-0.4499999999999993,-0.5,0.1999999999999993,-0.3999999999999986,-0.3500000000000014,-0.4000000000000057,0.0,-0.4000000000000057,-0.552802800000002,-0.25676529999999786,,,,,,,1.0
190,3.0,1 days 00:00:00,"Fort Collins, Colorado",The Academy,0.0,0.5,0.40000000000000036,0.8999999999999986,0.29999999999999893,-0.29999999999999893,0.5999999999999996,0.3000000000000007,0.5,-0.29999999999999893,-1.0,-0.3999999999999986,0.7999999999999972,0.0,0.7999999999999972,-0.552802800000002,-0.25676529999999786,,,,,,,1.0
191,3.0,1 days 00:00:00,"Fort Collins, Colorado",Genesis,1.0,0.09999999999999964,0.29999999999999893,0.3999999999999986,-0.1999999999999993,0.09999999999999964,-0.5,-0.29999999999999716,-0.9000000000000004,0.9000000000000004,-0.1999999999999993,-0.10000000000000142,0.0,0.0,0.0,-0.552802800000002,-0.25676529999999786,,,,,,,1.0
192,3.0,1 days 00:00:00,"Fort Collins, Colorado",Seattle Cascades,1.0,-0.10000000000000142,0.20000000000000107,0.10000000000000142,0.20000000000000107,0.0,0.20000000000000107,0.1999999999999993,0.09999999999999964,0.6000000000000014,-0.6999999999999993,0.0,0.29999999999999716,0.0,0.29999999999999716,-0.552802800000002,-0.25676529999999786,,,,,,,1.0
193,3.0,1 days 00:00:00,"Fort Collins, Colorado",The Battalion,0.0,0.1999999999999993,0.20000000000000107,0.3999999999999986,-0.3000000000000007,-0.1999999999999993,0.1999999999999993,-0.14999999999999858,0.29999999999999893,-0.6000000000000014,-1.5,-0.9000000000000021,-0.6500000000000057,0.0,-0.6500000000000057,-0.552802800000002,-0.25676529999999786,,,,,,,1.0
194,2.3333333333333335,1 days 00:00:00,"DeKalb, Illinois",Bluecoats,0.16666666666666666,0.11666666666666654,-0.016666666666666902,0.10000000000000024,0.16666666666666666,0.11666666666666654,0.19999999999999987,0.24166666666666656,0.21666666666666679,0.16666666666666666,0.14999999999999977,0.26666666666666633,0.608333333333332,0.0,0.608333333333332,-0.33565955833333305,0.38878516736326435,,,,,,,1.0
195,3.0,1 days 00:00:00,"DeKalb, Illinois",Phantom Regiment,1.5,0.20000000000000107,0.1999999999999993,0.3999999999999986,0.1999999999999993,0.09999999999999964,0.0,0.15000000000000036,0.34999999999999964,0.20000000000000107,0.1999999999999993,0.375,0.9249999999999972,0.0,0.9249999999999972,-0.3051397999999992,0.9467016000000044,,,,,,,1.0
196,3.0,1 days 00:00:00,"DeKalb, Illinois",The Cavaliers,0.5,0.2999999999999998,-0.05000000000000071,0.25,0.25,-0.04999999999999982,0.39999999999999947,0.29999999999999893,0.09999999999999964,0.2999999999999998,0.0,0.1999999999999993,0.75,0.0,0.75,-0.3051397999999992,0.9467016000000044,,,,,,,1.0
197,3.0,1 days 00:00:00,"DeKalb, Illinois",Blue Stars,0.5,0.04999999999999982,-0.09999999999999964,-0.05000000000000071,0.0,-0.04999999999999982,0.40000000000000036,0.17499999999999893,0.15000000000000036,0.14999999999999947,0.29999999999999893,0.29999999999999893,0.42500000000000426,0.0,0.42500000000000426,-0.3051397999999992,0.9467016000000044,,,,,,,1.0
198,3.0,1 days 00:00:00,"DeKalb, Illinois",Colts,0.0,-0.25,0.09999999999999964,-0.14999999999999858,0.25,-0.04999999999999982,0.40000000000000036,0.3000000000000007,0.34999999999999964,0.15000000000000036,-0.049999999999998934,0.22499999999999964,0.375,0.0,0.375,-0.3051397999999992,0.9467016000000044,,,,,,,1.0
199,2.25,1 days 00:00:00,"DeKalb, Illinois",Madison Scouts,0.0,-0.17500000000000027,0.04999999999999982,-0.125,0.125,-0.17499999999999982,0.17499999999999982,0.0625,0.17500000000000027,0.07500000000000018,-0.2250000000000001,0.012500000000000178,-0.05000000000000071,0.0,-0.05000000000000071,-0.5682804000000008,1.3069888000000027,,,,,,,1.0
200,2.5,1 days 00:00:00,"DeKalb, Illinois",Spartans,0.0,-0.09999999999999964,0.04999999999999982,-0.05000000000000071,0.05000000000000071,0.15000000000000036,0.1999999999999993,0.1999999999999993,0.25,-0.14999999999999947,-0.09999999999999964,0.0,0.15000000000000568,0.0,0.15000000000000568,3.5733327999999993,-0.5590668999999977,,,,,,,1.0
201,3.0,1 days 00:00:00,"Little Rock, Arkansas",Boston Crusaders,0.0,0.0,-0.1999999999999993,-0.20000000000000284,0.29999999999999893,0.0,0.05000000000000071,0.1750000000000007,0.09999999999999964,-0.34999999999999964,0.40000000000000036,0.07500000000000107,0.05000000000000426,0.0,0.05000000000000426,0.0014140000000004704,-2.3181826,,,,,,,1.0
202,2.4,1 days 00:00:00,"Little Rock, Arkansas",Carolina Crown,0.2,0.11999999999999958,-0.019999999999999574,0.1,0.08000000000000043,0.13999999999999985,0.1,0.15999999999999942,0.2600000000000001,-0.17999999999999972,0.12000000000000029,0.1,0.35999999999999943,0.0,0.35999999999999943,-0.22432767999999897,-1.7455583399999994,,,,,,,1.0
203,3.0,1 days 00:00:00,"Little Rock, Arkansas",Crossmen,0.0,0.15000000000000036,-0.25,-0.09999999999999964,0.20000000000000018,0.04999999999999982,0.04999999999999982,0.15000000000000036,-0.04999999999999982,-0.15000000000000036,0.5999999999999996,0.1999999999999993,0.25,0.0,0.25,0.0014140000000004704,-2.3181826,,,,,,,1.0
204,3.0,1 days 00:00:00,"Little Rock, Arkansas",Spirit of Atlanta,0.0,0.14999999999999947,0.34999999999999964,0.5,0.5,0.20000000000000018,0.0,0.34999999999999964,0.04999999999999982,0.0,0.75,0.3999999999999986,1.25,0.0,1.25,0.0014140000000004704,-2.3181826,,,,,,,1.0
205,3.0,1 days 00:00:00,"Little Rock, Arkansas",Music City,0.0,0.15000000000000036,-0.14999999999999947,0.0,0.04999999999999982,0.04999999999999982,0.0,0.049999999999998934,0.09999999999999964,0.0,0.5999999999999996,0.34999999999999964,0.3999999999999986,0.0,0.3999999999999986,0.0014140000000004704,-2.3181826,,,,,,,1.0
206,5.0,1 days 00:00:00,"Vista, California",Blue Devils B,1.0,0.40000000000000036,0.1999999999999993,0.5999999999999979,0.20000000000000107,0.5,-0.3000000000000007,0.1999999999999993,-0.20000000000000107,0.40000000000000036,0.6999999999999993,0.4499999999999993,1.25,0.0,1.25,-0.5198706999999985,-1.2052315000000107,,,,,,,1.0
207,5.0,1 days 00:00:00,"Vista, California",Gold,-1.0,0.3000000000000007,0.5,0.8000000000000007,0.7000000000000011,0.5999999999999996,0.20000000000000107,0.75,0.5,0.5,0.1999999999999993,0.5999999999999979,2.1500000000000057,0.0,2.1500000000000057,-0.5198706999999985,-1.2052315000000107,,,,,,,1.0
208,5.0,1 days 00:00:00,"Vista, California",Impulse,1.0,0.29999999999999893,1.0,1.2999999999999972,0.3000000000000007,0.9000000000000004,1.0,1.0999999999999979,0.29999999999999893,-0.09999999999999964,0.1999999999999993,0.1999999999999993,2.6000000000000085,0.0,2.6000000000000085,-0.5198706999999985,-1.2052315000000107,,,,,,,1.0
209,5.0,1 days 00:00:00,"Vista, California",Golden Empire,1.0,0.3999999999999986,0.9000000000000004,1.3000000000000007,0.29999999999999893,0.0,0.5,0.40000000000000213,0.3000000000000007,0.29999999999999893,0.8000000000000007,0.6999999999999993,2.4000000000000057,0.0,2.4000000000000057,-0.5198706999999985,-1.2052315000000107,,,,,,,1.0
210,5.0,1 days 00:00:00,"Vista, California",Vessel,-2.0,0.09999999999999964,-0.40000000000000036,-0.29999999999999716,0.3000000000000007,0.3000000000000007,0.7000000000000011,0.6499999999999986,0.1999999999999993,0.29999999999999893,-0.5999999999999996,-0.05000000000000071,0.30000000000000426,0.0,0.30000000000000426,-0.5198706999999985,-1.2052315000000107,,,,,,,1.0
211,3.0,1 days 00:00:00,"Ankeny, Iowa",Bluecoats,-3.0,0.3999999999999986,0.40000000000000213,0.7999999999999972,0.20000000000000284,0.5,0.10000000000000142,0.40000000000000213,-0.6999999999999993,0.5,0.3999999999999986,0.10000000000000142,1.2999999999999972,0.0,1.2999999999999972,-0.15826510000000127,-4.833696700000004,,,,,,,1.0
212,3.0,1 days 00:00:00,"Ankeny, Iowa",Blue Stars,-1.0,0.8000000000000007,0.5999999999999996,1.3999999999999986,0.09999999999999787,0.6999999999999993,0.1999999999999993,0.5,-0.3999999999999986,0.5,0.6000000000000014,0.3500000000000014,2.25,0.0,2.25,-0.15826510000000127,-4.833696700000004,,,,,,,1.0
213,3.0,1 days 00:00:00,"Ankeny, Iowa",Colts,-1.0,0.5999999999999996,0.09999999999999964,0.6999999999999993,-0.3000000000000007,0.0,0.09999999999999787,-0.10000000000000142,-0.3999999999999986,0.5,0.5999999999999979,0.3500000000000014,0.9500000000000028,0.0,0.9500000000000028,-0.15826510000000127,-4.833696700000004,,,,,,,1.0
214,3.0,1 days 00:00:00,"Ankeny, Iowa",River City Rhythm,0.0,0.10000000000000024,-0.36666666666666714,-0.2666666666666669,0.6000000000000002,-0.16666666666666666,0.0,0.2166666666666662,-0.06666666666666703,0.2333333333333337,0.5999999999999996,0.383333333333334,0.3333333333333333,0.0,0.3333333333333333,-0.2561815666666665,-0.9800978333333319,,,,,,,1.0
215,3.0,1 days 00:00:00,"Ankeny, Iowa",Colt Cadets,0.0,0.16666666666666666,0.06666666666666643,0.23333333333333428,0.6666666666666666,0.16666666666666666,0.06666666666666643,0.45000000000000046,-0.10000000000000024,0.3000000000000001,0.7333333333333331,0.4666666666666662,1.150000000000001,0.0,1.150000000000001,-0.2561815666666665,-0.9800978333333319,,,,,,,1.0
216,2.4,1 days 00:00:00,"Ankeny, Iowa",Govenaires,0.0,0.1,0.040000000000000216,0.13999999999999985,0.1400000000000002,0.11999999999999993,0.05999999999999979,0.16000000000000014,-0.039999999999999855,0.11999999999999993,0.019999999999999928,0.05,0.35,0.0,0.35,-0.4862773400000009,0.0788517000000013,,,,,,,1.0
217,2.0,1 days 00:00:00,"Cerritos, California",Blue Devils B,0.0,0.09999999999999964,0.09999999999999964,0.20000000000000284,0.5999999999999996,0.1999999999999993,0.3000000000000007,0.5500000000000007,0.3000000000000007,0.29999999999999893,-0.5999999999999996,0.0,0.75,0.0,0.75,0.662300700000003,-0.811453599999993,,,,,,,1.0
218,2.0,1 days 00:00:00,"Cerritos, California",Gold,0.0,0.1999999999999993,0.1999999999999993,0.40000000000000213,0.1999999999999993,0.09999999999999964,0.3999999999999986,0.34999999999999787,0.5,0.1999999999999993,-0.5,0.10000000000000142,0.8499999999999943,0.0,0.8499999999999943,0.662300700000003,-0.811453599999993,,,,,,,1.0
219,2.0,1 days 00:00:00,"Cerritos, California",Impulse,0.0,-0.1999999999999993,-0.20000000000000107,-0.3999999999999986,0.09999999999999964,0.09999999999999964,0.5,0.3500000000000014,0.20000000000000107,0.9000000000000004,0.1999999999999993,0.6499999999999986,0.5999999999999943,0.0,0.5999999999999943,0.662300700000003,-0.811453599999993,,,,,,,1.0
220,2.0,1 days 00:00:00,"Cerritos, California",Golden Empire,0.0,0.10000000000000142,0.1999999999999993,0.3000000000000007,0.20000000000000107,0.1999999999999993,0.0,0.1999999999999993,0.1999999999999993,0.20000000000000107,0.3999999999999986,0.40000000000000213,0.8999999999999986,0.0,0.8999999999999986,0.662300700000003,-0.811453599999993,,,,,,,1.0
221,2.0,1 days 00:00:00,"Cerritos, California",Vessel,0.0,0.09999999999999964,0.1999999999999993,0.29999999999999716,0.3000000000000007,0.1999999999999993,-0.3000000000000007,0.10000000000000142,0.3000000000000007,0.0,0.09999999999999964,0.1999999999999993,0.5999999999999943,0.0,0.5999999999999943,0.662300700000003,-0.811453599999993,,,,,,,1.0
222,3.0,1 days 00:00:00,"Canyon, Texas",Santa Clara Vanguard,0.0,0.15000000000000036,0.15000000000000036,0.3000000000000007,-0.09999999999999964,0.25,0.15000000000000036,0.15000000000000036,0.05000000000000071,0.1999999999999993,0.09999999999999964,0.17499999999999893,0.625,0.0,0.625,-2.8036176499999996,1.5789071499999991,,,,,,,1.0
223,3.0,1 days 00:00:00,"Canyon, Texas",Pacific Crest,0.0,0.15000000000000036,0.25,0.40000000000000036,0.20000000000000018,0.15000000000000036,0.14999999999999947,0.25,-0.09999999999999964,0.0,0.34999999999999964,0.125,0.7749999999999986,0.0,0.7749999999999986,-2.8036176499999996,1.5789071499999991,,,,,,,1.0
224,3.0,1 days 00:00:00,"Canyon, Texas",Blue Knights,-1.5,0.20000000000000018,-0.20000000000000018,0.0,0.0,0.05000000000000071,-0.14999999999999947,-0.05000000000000071,0.09999999999999964,0.0,0.04999999999999982,0.07499999999999929,0.02499999999999858,0.0,0.02499999999999858,-2.8036176499999996,1.5789071499999991,,,,,,,1.0
225,3.0,1 days 00:00:00,"Canyon, Texas",The Academy,0.0,0.0,-0.20000000000000018,-0.1999999999999993,-0.09999999999999964,0.1999999999999993,0.2999999999999998,0.1999999999999993,0.0,0.0,0.5,0.25,0.25,0.0,0.25,-2.8036176499999996,1.5789071499999991,,,,,,,1.0
226,3.0,1 days 00:00:00,"Canyon, Texas",Genesis,-0.5,-0.09999999999999964,0.25,0.15000000000000036,-0.2999999999999998,-0.04999999999999982,0.2999999999999998,-0.025000000000000355,0.09999999999999964,-0.04999999999999982,-0.04999999999999982,0.0,0.125,0.0,0.125,-2.8036176499999996,1.5789071499999991,,,,,,,1.0
227,3.0,1 days 00:00:00,"Canyon, Texas",Seattle Cascades,0.5,-0.09999999999999964,0.09999999999999964,0.0,-0.15000000000000036,0.10000000000000053,0.04999999999999982,0.0,0.15000000000000036,-0.05000000000000071,0.0,0.05000000000000071,0.04999999999999716,0.0,0.04999999999999716,-2.8036176499999996,1.5789071499999991,,,,,,,1.0
228,3.0,1 days 00:00:00,"Olathe, Kansas",Phantom Regiment,-1.5,0.1999999999999993,0.05000000000000071,0.25,0.15000000000000036,0.10000000000000142,0.09999999999999964,0.17499999999999893,-0.15000000000000036,0.049999999999998934,-0.15000000000000036,-0.125,0.29999999999999716,0.0,0.29999999999999716,-1.5032295500000004,-3.0237373500000047,,,,,,,1.0
229,3.0,1 days 00:00:00,"Olathe, Kansas",Colts,1.0,0.20000000000000107,0.5000000000000018,0.6999999999999993,0.10000000000000142,0.09999999999999964,0.0,0.10000000000000142,0.3000000000000007,-0.9000000000000004,-0.3999999999999986,-0.5,0.29999999999999716,0.0,0.29999999999999716,-2.8481939999999994,-1.213778000000005,,,,,,,1.0
230,3.5,1 days 00:00:00,"Olathe, Kansas",Troopers,-2.0,0.04999999999999982,0.14999999999999947,0.20000000000000107,0.4500000000000002,0.09999999999999964,0.20000000000000018,0.375,0.09999999999999964,0.0,0.09999999999999964,0.09999999999999964,0.6749999999999972,0.0,0.6749999999999972,-0.8516462999999987,5.129070649999996,,,,,,,1.0
231,3.0,1 days 00:00:00,"Olathe, Kansas",Madison Scouts,0.0,0.25,-0.5,0.1999999999999993,0.09999999999999964,0.25,0.04999999999999982,0.1999999999999993,0.14999999999999947,-0.15000000000000036,0.7999999999999998,0.3999999999999986,0.7999999999999972,0.0,0.7999999999999972,-1.5032295500000004,-3.0237373500000047,,,,,,,1.0
232,3.0,1 days 00:00:00,"Olathe, Kansas",Colt Cadets,-1.0,0.29999999999999893,0.3000000000000007,0.5999999999999979,-1.5999999999999996,0.0,0.10000000000000142,-0.75,0.7000000000000011,-0.40000000000000036,-1.5,-0.5999999999999979,-0.75,0.0,-0.75,-2.8481939999999994,-1.213778000000005,,,,,,,1.0
233,2.0,1 days 00:00:00,"Abilene, Texas",Blue Knights,0.0,1.200000000000001,0.1999999999999993,1.3999999999999986,0.3000000000000007,0.5,0.29999999999999893,0.5500000000000007,0.40000000000000036,-0.20000000000000107,0.9000000000000004,0.5500000000000007,2.5,0.0,2.5,-2.533492899999999,2.1716064999999958,,,,,,,1.0
234,2.0,1 days 00:00:00,"Abilene, Texas",Crossmen,0.6666666666666666,-0.033333333333333215,-0.06666666666666643,-0.10000000000000024,0.13333333333333286,0.0,0.10000000000000024,0.11666666666666714,0.40000000000000036,0.06666666666666703,-0.2333333333333331,0.11666666666666714,0.1333333333333305,0.0,0.1333333333333305,-0.7666857000000012,-2.485987933333334,,,,,,,1.0
235,2.0,1 days 00:00:00,"Abilene, Texas",Pacific Crest,0.0,0.3999999999999986,0.20000000000000107,0.6000000000000014,0.3999999999999986,0.1999999999999993,0.5,0.5500000000000007,0.3999999999999986,0.3000000000000007,0.6999999999999993,0.7000000000000028,1.8500000000000085,0.0,1.8500000000000085,-2.533492899999999,2.1716064999999958,,,,,,,1.0
236,2.0,1 days 00:00:00,"Abilene, Texas",Music City,0.6666666666666666,0.033333333333333215,0.033333333333333215,0.06666666666666643,0.10000000000000024,0.033333333333333215,0.09999999999999964,0.11666666666666714,0.033333333333333215,0.06666666666666643,-0.19999999999999987,-0.049999999999999524,0.13333333333333522,0.0,0.13333333333333522,-0.7666857000000012,-2.485987933333334,,,,,,,1.0
237,2.0,1 days 00:00:00,"Abilene, Texas",Genesis,0.0,0.6999999999999993,0.10000000000000142,0.8000000000000007,0.5,-0.5,-0.5,-0.25,1.4000000000000004,-0.7000000000000011,0.5,0.6000000000000014,1.1499999999999915,0.0,1.1499999999999915,-2.533492899999999,2.1716064999999958,,,,,,,1.0
238,2.0,1 days 00:00:00,"Abilene, Texas",Seattle Cascades,-2.0,0.6999999999999993,0.3000000000000007,1.0,0.40000000000000036,0.09999999999999964,0.0,0.25,-0.09999999999999964,-0.5999999999999996,0.6999999999999993,0.0,1.25,0.0,1.25,-2.533492899999999,2.1716064999999958,,,,,,,1.0
239,,,"Abilene, Texas",Guardians,,,,,,,,,,,,,,,,,,,,,,,,
240,2.5,1 days 00:00:00,"Broken Arrow, Oklahoma",Bluecoats,2.0,0.15000000000000036,0.14999999999999858,0.3000000000000007,0.14999999999999858,0.3000000000000007,-0.34999999999999964,0.049999999999998934,0.5,-0.09999999999999964,-0.29999999999999893,0.05000000000000071,0.4000000000000057,0.0,0.4000000000000057,-2.839740150000001,-1.0928637499999994,,,,,,,1.0
241,3.0,1 days 00:00:00,"Broken Arrow, Oklahoma",Blue Devils,-1.0,0.2666666666666669,0.06666666666666643,0.3333333333333333,0.16666666666666666,0.43333333333333357,0.06666666666666643,0.3333333333333333,0.1999999999999993,0.09999999999999905,0.16666666666666666,0.2333333333333331,0.9000000000000009,0.0,0.9000000000000009,-1.5115262999999999,3.095397266666666,,,,,,,1.0
242,2.3333333333333335,1 days 00:00:00,"Broken Arrow, Oklahoma",Boston Crusaders,-0.3333333333333333,0.13333333333333286,0.2333333333333331,0.36666666666666714,0.10000000000000024,0.1999999999999993,0.033333333333333805,0.16666666666666666,0.2333333333333331,0.10000000000000024,0.0,0.16666666666666666,0.6999999999999981,0.0,0.6999999999999981,0.43536406666666494,-1.1670642666666662,,,,,,,1.0
243,2.3333333333333335,1 days 00:00:00,"Broken Arrow, Oklahoma",Carolina Crown,0.6666666666666666,0.033333333333333805,0.1999999999999993,0.23333333333333428,0.09999999999999905,0.13333333333333405,0.13333333333333286,0.18333333333333357,-0.033333333333333805,0.13333333333333286,0.06666666666666643,0.08333333333333333,0.5,0.0,0.5,0.43536406666666494,-1.1670642666666662,,,,,,,1.0
244,2.0,1 days 00:00:00,"Broken Arrow, Oklahoma",Phantom Regiment,-1.0,-0.09999999999999787,-0.3000000000000007,-0.3999999999999986,-0.3999999999999986,0.1999999999999993,-0.3999999999999986,-0.29999999999999716,-0.1999999999999993,0.0,0.0,-0.09999999999999787,-0.7999999999999972,0.0,-0.7999999999999972,-2.831286300000002,-0.9719494999999938,,,,,,,1.0
245,3.0,1 days 00:00:00,"Broken Arrow, Oklahoma",Mandarins,-1.0,0.16666666666666666,-0.033333333333333805,0.13333333333333522,0.033333333333333805,0.033333333333333805,0.033333333333333805,0.049999999999999524,0.16666666666666666,-0.06666666666666761,0.06666666666666643,0.08333333333333333,0.2666666666666657,0.0,0.2666666666666657,-1.5115262999999999,3.095397266666666,,,,,,,1.0
246,2.6666666666666665,1 days 00:00:00,"Broken Arrow, Oklahoma",The Cavaliers,-0.6666666666666666,0.033333333333333805,0.16666666666666666,0.1999999999999993,0.06666666666666703,0.1999999999999993,-0.06666666666666643,0.10000000000000024,0.06666666666666643,0.06666666666666703,0.16666666666666666,0.14999999999999977,0.45000000000000284,0.0,0.45000000000000284,-1.9459151333333342,-2.339808066666668,,,,,,,1.0
247,0.5,1 days 00:00:00,"Denton, Texas",Bluecoats,0.5,0.05000000000000071,0.3000000000000007,0.3500000000000014,-0.049999999999998934,-0.25,0.29999999999999893,0.0,0.09999999999999964,0.09999999999999964,0.4499999999999993,0.3249999999999993,0.6749999999999972,0.0,0.6749999999999972,-1.434360299999998,-0.6752611000000002,,,,,,,1.0
248,0.5,1 days 00:00:00,"Denton, Texas",Boston Crusaders,1.5,0.05000000000000071,0.3000000000000007,0.3500000000000014,-0.09999999999999964,-0.1999999999999993,0.25,-0.025000000000000355,0.0,0.34999999999999964,0.40000000000000036,0.375,0.7000000000000028,0.0,0.7000000000000028,-1.434360299999998,-0.6752611000000002,,,,,,,1.0
249,0.5,1 days 00:00:00,"Denton, Texas",Carolina Crown,0.5,0.0,0.40000000000000036,0.3999999999999986,-0.09999999999999964,-0.20000000000000107,0.10000000000000142,-0.09999999999999964,0.3000000000000007,0.1999999999999993,0.125,0.3125,0.6124999999999972,0.0,0.6124999999999972,-1.434360299999998,-0.6752611000000002,,,,,,,1.0
250,0.5,1 days 00:00:00,"Denton, Texas",Phantom Regiment,1.5,0.14999999999999858,0.4499999999999993,0.6000000000000014,0.15000000000000036,0.049999999999998934,0.1999999999999993,0.1999999999999993,0.25,-0.049999999999998934,0.25,0.22499999999999964,1.0249999999999986,0.0,1.0249999999999986,-1.434360299999998,-0.6752611000000002,,,,,,,1.0
251,1.3333333333333333,1 days 00:00:00,"Denton, Texas",Santa Clara Vanguard,0.0,-0.033333333333333805,0.13333333333333286,0.10000000000000142,0.10000000000000024,-0.033333333333333805,0.0,0.033333333333333805,0.09999999999999905,0.16666666666666666,0.16666666666666666,0.21666666666666737,0.34999999999999903,0.0,0.34999999999999903,-0.5986880666666655,1.5926184333333329,,,,,,,1.0
252,1.0,1 days 00:00:00,"Denton, Texas",Crossmen,0.0,-0.05000000000000071,0.5,0.4499999999999993,0.15000000000000036,0.15000000000000036,-0.10000000000000053,0.09999999999999964,-0.15000000000000036,-0.15000000000000036,-0.35000000000000053,-0.3249999999999993,0.22500000000000142,0.0,0.22500000000000142,0.3687143500000012,1.3031244000000015,,,,,,,1.0
253,1.0,1 days 00:00:00,"Denton, Texas",Pacific Crest,-1.0,-0.04999999999999982,0.39999999999999947,0.34999999999999964,0.05000000000000071,-0.1999999999999993,-0.25,-0.1999999999999993,0.3000000000000007,0.04999999999999982,-0.6499999999999995,-0.15000000000000036,0.0,0.0,0.0,0.3687143500000012,1.3031244000000015,,,,,,,1.0
254,1.0,1 days 00:00:00,"Denton, Texas",Music City,-0.5,-0.09999999999999964,0.5499999999999998,0.45000000000000107,0.04999999999999982,0.15000000000000036,0.0,0.09999999999999964,0.25,0.15000000000000036,-0.04999999999999982,0.17499999999999893,0.7250000000000014,0.0,0.7250000000000014,0.3687143500000012,1.3031244000000015,,,,,,,1.0
255,1.0,1 days 00:00:00,"Waco, Texas",The Cavaliers,3.5,0.25,-0.049999999999998934,0.20000000000000284,0.14999999999999858,-0.049999999999998934,0.15000000000000036,0.125,0.25,0.6499999999999986,0.09999999999999964,0.5,0.8249999999999957,0.0,0.8249999999999957,-2.2517046999999994,-0.6783216500000009,,,,,,,1.0
256,1.3333333333333333,1 days 00:00:00,"Waco, Texas",Madison Scouts,1.3333333333333333,0.40000000000000036,0.4666666666666668,0.5666666666666664,0.10000000000000024,0.43333333333333357,0.19999999999999987,0.36666666666666714,0.2333333333333337,0.3333333333333339,-0.16666666666666666,0.20000000000000048,1.1333333333333353,0.0,1.1333333333333353,-2.444898566666667,-0.7761975999999985,,,,,,,1.0
257,1.5,1 days 00:00:00,"Waco, Texas",Blue Knights,0.5,-0.15000000000000036,0.10000000000000053,-0.049999999999998934,0.25,0.09999999999999964,0.10000000000000053,0.22499999999999964,0.5,0.4500000000000002,0.0,0.47499999999999964,0.6499999999999986,0.0,0.6499999999999986,-0.4486300500000002,1.3000638500000008,,,,,,,1.0
258,1.8,1 days 00:00:00,"Waco, Texas",Spirit of Atlanta,0.6,0.18000000000000008,-0.060000000000000143,0.11999999999999958,0.060000000000000143,0.18000000000000008,0.16000000000000014,0.2,0.13999999999999985,0.2,-0.11999999999999993,0.11000000000000014,0.43000000000000116,0.0,0.43000000000000116,-0.6394634400000008,-0.9715672200000001,,,,,,,1.0
259,1.6666666666666667,1 days 00:00:00,"Waco, Texas",The Academy,0.0,0.19999999999999987,0.033333333333333215,0.2333333333333331,0.13333333333333344,0.13333333333333344,0.13333333333333344,0.20000000000000048,0.19999999999999987,0.19999999999999987,-0.16666666666666666,0.11666666666666596,0.5500000000000019,0.0,0.5500000000000019,-1.143584333333333,1.5905780666666658,,,,,,,1.0
260,1.5,1 days 00:00:00,"Waco, Texas",Genesis,0.5,0.04999999999999982,0.34999999999999964,0.40000000000000036,0.20000000000000018,0.14999999999999947,0.14999999999999947,0.25,0.25,0.2999999999999998,-0.9000000000000004,-0.1750000000000007,0.4750000000000014,0.0,0.4750000000000014,-0.4486300500000002,1.3000638500000008,,,,,,,1.0
261,1.5,1 days 00:00:00,"Waco, Texas",Seattle Cascades,0.5,0.20000000000000018,0.39999999999999947,0.5999999999999996,0.09999999999999964,0.14999999999999947,0.14999999999999947,0.20000000000000107,0.34999999999999964,0.15000000000000036,-0.4499999999999993,0.02499999999999858,0.8250000000000028,0.0,0.8250000000000028,-0.4486300500000002,1.3000638500000008,,,,,,,1.0
262,2.4,1 days 00:00:00,"Waco, Texas",Jersey Surf,0.0,-0.019999999999999928,0.13999999999999985,0.12000000000000029,0.0,0.2,0.23999999999999985,0.21999999999999958,0.15999999999999978,0.07999999999999971,-0.2800000000000001,-0.020000000000000285,0.31000000000000083,0.0,0.31000000000000083,-1.8618485800000009,-4.5967414999999985,,,,,,,1.0
263,1.8333333333333333,1 days 00:00:00,"Bellbrook, Ohio",Spartans,0.3333333333333333,0.11666666666666654,0.08333333333333333,0.20000000000000048,0.19999999999999987,0.21666666666666648,0.11666666666666685,0.2666666666666669,0.16666666666666666,0.16666666666666666,0.3000000000000001,0.31666666666666643,0.7833333333333314,0.0,0.7833333333333314,-0.3757507999999999,0.7835364499999997,,,,,,,1.0
264,2.0,1 days 00:00:00,"Bellbrook, Ohio",The Battalion,0.16666666666666666,0.15000000000000005,0.25,0.40000000000000036,0.36666666666666686,0.3333333333333333,0.25,0.47500000000000026,0.15000000000000005,0.3166666666666667,0.4499999999999999,0.4583333333333333,1.3333333333333333,0.0,1.3333333333333333,-0.1585563833333327,3.5011391166666663,,,,,,,1.0
265,1.6,1 days 00:00:00,"Bellbrook, Ohio",River City Rhythm,0.0,0.18000000000000008,0.0,0.18000000000000044,-0.11999999999999993,0.11999999999999993,0.17999999999999972,0.08999999999999986,0.46000000000000013,0.21999999999999992,-0.019999999999999928,0.32999999999999974,0.6,0.0,0.6,-0.41924793999999965,1.9069830800000005,,,,,,,1.0
266,1.9411764705882353,1 days 00:00:00,"Bellbrook, Ohio",Cincinnati Tradition,0.0,0.08823529411764695,0.09411764705882351,0.18235294117647066,0.07647058823529417,0.1294117647058823,0.08823529411764706,0.14705882352941177,0.08235294117647061,0.09411764705882351,0.09411764705882351,0.13529411764705887,0.4647058823529407,0.0,0.4647058823529407,0.016222429411764615,0.014103670588235506,,,,,,,1.0
267,,,"Bellbrook, Ohio",Columbus Saints,,,,,,,,,,,,,,,,,,,,,,,,
268,3.0,1 days 00:00:00,"Prairie View, Texas",Bluecoats,-2.0,0.29999999999999716,0.1999999999999993,0.5,0.5,0.8000000000000007,0.1999999999999993,0.75,0.3000000000000007,0.1999999999999993,0.1999999999999993,0.3500000000000014,1.5999999999999943,0.0,1.5999999999999943,-3.0980871000000008,1.1506358999999975,,,,,,,1.0
269,1.3333333333333333,1 days 00:00:00,"Prairie View, Texas",Blue Devils,0.6666666666666666,0.13333333333333286,0.29999999999999954,0.43333333333333474,0.06666666666666643,0.06666666666666643,0.2666666666666669,0.20000000000000048,0.16666666666666666,0.20000000000000048,0.3000000000000007,0.3333333333333333,0.9666666666666686,0.0,0.9666666666666686,-1.9889358999999989,-0.06662876666666762,,,,,,,1.0
270,3.0,1 days 00:00:00,"Prairie View, Texas",Carolina Crown,-2.0,0.5999999999999979,0.10000000000000142,0.7000000000000028,0.40000000000000213,0.6999999999999993,0.3999999999999986,0.75,0.3000000000000007,0.20000000000000284,0.25,0.375,1.8250000000000028,0.0,1.8250000000000028,-3.0980871000000008,1.1506358999999975,,,,,,,1.0
271,1.3333333333333333,1 days 00:00:00,"Prairie View, Texas",Mandarins,0.0,0.2666666666666669,0.39999999999999974,0.6666666666666666,0.20000000000000048,0.2666666666666669,0.20000000000000048,0.3333333333333333,0.1999999999999993,0.36666666666666714,0.033333333333332625,0.3000000000000007,1.3000000000000018,0.0,1.3000000000000018,-1.9889358999999989,-0.06662876666666762,,,,,,,1.0
272,2.0,1 days 00:00:00,"Prairie View, Texas",The Cavaliers,-5.0,0.1999999999999993,0.7999999999999972,1.0,0.10000000000000142,0.5999999999999979,0.1999999999999993,0.4499999999999993,-0.09999999999999787,-0.3999999999999986,0.40000000000000213,-0.04999999999999716,1.4000000000000057,0.0,1.4000000000000057,-1.463398299999998,1.156756999999999,,,,,,,1.0
273,1.8,1 days 00:00:00,"Prairie View, Texas",Blue Stars,0.0,0.2,0.11999999999999993,0.3200000000000003,0.12000000000000029,0.1,0.1,0.16000000000000014,0.11999999999999958,0.08000000000000043,-0.2600000000000001,-0.030000000000000426,0.45,0.0,0.45,-2.3292575999999996,-0.4771227600000003,,,,,,,1.0
274,1.5,1 days 00:00:00,"Prairie View, Texas",Colts,-0.5,0.1499999999999999,0.024999999999999467,0.1750000000000007,0.02499999999999991,0.09999999999999964,0.10000000000000053,0.11249999999999982,0.09999999999999964,0.2250000000000001,0.025000000000000355,0.17499999999999982,0.46250000000000213,0.0,0.46250000000000213,-2.1995234999999997,-0.29295894999999916,,,,,,,1.0
275,1.6666666666666667,1 days 00:00:00,"Prairie View, Texas",Guardians,0.0,0.3000000000000001,-0.033333333333333805,0.2666666666666669,0.10000000000000024,0.13333333333333286,0.8666666666666666,0.5499999999999995,0.13333333333333344,0.3333333333333333,-0.19999999999999987,0.13333333333333405,0.9500000000000005,0.0,0.9500000000000005,-0.7868861333333328,1.2522949,,,,,,,1.0
276,1.0,1 days 00:00:00,"San Antonio, Texas",Bluecoats,16.0,0.05000000000000071,0.10000000000000142,0.14999999999999858,0.3000000000000007,-0.10000000000000142,0.20000000000000284,0.20000000000000284,0.0,0.75,0.40000000000000213,0.5749999999999993,0.9250000000000114,0.0,0.9250000000000114,-0.6611913999999999,-2.5044347000000045,,,,,,,1.0
277,1.0,1 days 00:00:00,"San Antonio, Texas",Blue Devils,13.0,-0.09999999999999787,0.125,0.02499999999999858,0.3999999999999986,-0.3000000000000007,-0.10000000000000142,0.0,0.5,0.6499999999999986,0.25,0.6999999999999993,0.7249999999999943,0.0,0.7249999999999943,-0.6611913999999999,-2.5044347000000045,,,,,,,1.0
278,2.0,1 days 00:00:00,"San Antonio, Texas",Boston Crusaders,6.5,0.15000000000000036,0.08750000000000036,0.2375000000000007,0.1999999999999993,0.40000000000000036,0.25,0.4250000000000007,0.20000000000000107,0.42499999999999893,0.25,0.4375,1.0999999999999943,0.0,1.0999999999999943,-1.8796392500000003,-0.6768994000000035,,,,,,,1.0
279,1.0,1 days 00:00:00,"San Antonio, Texas",Carolina Crown,11.0,-0.25,0.02499999999999858,-0.22500000000000142,0.5999999999999979,-0.1999999999999993,0.3000000000000007,0.3500000000000014,-0.3000000000000007,0.1999999999999993,0.10000000000000142,0.0,0.125,0.0,0.125,-0.6611913999999999,-2.5044347000000045,,,,,,,1.0
280,2.0,1 days 00:00:00,"San Antonio, Texas",Phantom Regiment,6.5,0.125,0.1750000000000007,0.3000000000000007,0.34999999999999964,0.40000000000000036,0.34999999999999964,0.5500000000000007,0.29999999999999893,0.6749999999999989,0.3500000000000014,0.6624999999999996,1.5125000000000028,0.0,1.5125000000000028,-1.8796392500000003,-0.6768994000000035,,,,,,,1.0
281,2.0,1 days 00:00:00,"San Antonio, Texas",Santa Clara Vanguard,7.5,0.32500000000000107,0.3125,0.6374999999999993,0.3999999999999986,0.3000000000000007,0.4499999999999993,0.5749999999999993,0.10000000000000142,0.3500000000000014,0.34999999999999964,0.40000000000000036,1.6125000000000043,0.0,1.6125000000000043,-1.8796392500000003,-0.6768994000000035,,,,,,,1.0
282,1.0,1 days 00:00:00,"San Antonio, Texas",Mandarins,11.0,-0.1999999999999993,-0.125,-0.32500000000000284,0.8999999999999986,0.1999999999999993,0.0,0.5500000000000007,0.40000000000000213,0.1999999999999993,0.6000000000000014,0.5999999999999979,0.8249999999999886,0.0,0.8249999999999886,-0.6611913999999999,-2.5044347000000045,,,,,,,1.0
283,1.0,1 days 00:00:00,"San Antonio, Texas",Blue Stars,12.0,-0.14999999999999858,0.7250000000000014,0.5750000000000028,0.09999999999999787,0.0,-0.10000000000000142,0.0,0.6999999999999993,0.8249999999999993,0.3999999999999986,0.963000000000001,1.5379999999999967,0.0,1.5379999999999967,-0.6611913999999999,-2.5044347000000045,,,,,,,1.0
284,1.0,1 days 00:00:00,"San Antonio, Texas",The Cavaliers,11.0,-0.25,0.15000000000000213,-0.10000000000000142,0.6000000000000014,0.10000000000000142,-0.10000000000000142,0.3000000000000007,0.1999999999999993,0.25,0.5,0.47499999999999787,0.6749999999999972,0.0,0.6749999999999972,-0.6611913999999999,-2.5044347000000045,,,,,,,1.0
285,1.0,1 days 00:00:00,"San Antonio, Texas",Colts,10.0,-0.10000000000000142,0.6000000000000014,0.5,0.7999999999999989,-0.09999999999999787,0.09999999999999787,0.40000000000000213,0.3999999999999986,0.10000000000000142,0.5,0.5,1.3999999999999915,0.0,1.3999999999999915,-0.6611913999999999,-2.5044347000000045,,,,,,,1.0
286,1.4,1 days 00:00:00,"San Antonio, Texas",Troopers,1.6,0.10000000000000035,0.25,0.3499999999999993,-0.12000000000000029,0.060000000000000143,0.11999999999999993,0.029999999999999714,0.020000000000000285,0.19000000000000022,0.13999999999999985,0.175,0.5550000000000012,0.0,0.5550000000000012,-1.8918570799999999,-0.7352541000000002,,,,,,,1.0
287,1.5,1 days 00:00:00,"San Antonio, Texas",Madison Scouts,2.0,-0.375,0.4374999999999991,0.0625,0.1999999999999993,-0.20000000000000107,0.05000000000000071,0.025000000000000355,0.15000000000000036,0.07499999999999929,-0.09999999999999964,0.0625,0.14999999999999858,0.0,0.14999999999999858,-1.062294849999999,-0.6738388500000028,,,,,,,1.0
288,2.0,1 days 00:00:00,"San Antonio, Texas",Crossmen,3.5,0.07500000000000018,0.1875,0.26250000000000107,0.1999999999999993,0.09999999999999964,0.40000000000000036,0.34999999999999964,0.0,0.4500000000000002,0.20000000000000018,0.3249999999999993,0.9375,0.0,0.9375,-1.8796392500000003,-0.6768994000000035,,,,,,,1.0
289,1.5,1 days 00:00:00,"San Antonio, Texas",Blue Knights,0.5,0.09999999999999964,0.0,0.09999999999999964,0.0,-0.25,-0.15000000000000036,-0.1999999999999993,-0.04999999999999982,-0.04999999999999982,0.40000000000000036,0.15000000000000036,0.04999999999999716,0.0,0.04999999999999716,-1.062294849999999,-0.6738388500000028,,,,,,,1.0
290,2.0,1 days 00:00:00,"San Antonio, Texas",Pacific Crest,1.0,-0.024999999999999467,-0.1374999999999993,-0.16249999999999964,-0.10000000000000053,0.04999999999999982,0.25,0.09999999999999964,-0.40000000000000036,0.25,0.20000000000000018,0.025000000000000355,-2.0375000000000014,0.0,-0.03750000000000142,-1.8796392500000003,-0.6768994000000035,,,,,,,1.0
291,1.5,1 days 00:00:00,"San Antonio, Texas",Spirit of Atlanta,0.5,-0.4500000000000002,0.47500000000000053,0.025000000000000355,0.09999999999999964,-0.40000000000000036,-0.10000000000000053,-0.1999999999999993,0.20000000000000107,-0.20000000000000018,0.2999999999999998,0.15000000000000036,-0.025000000000005684,0.0,-0.025000000000005684,-1.062294849999999,-0.6738388500000028,,,,,,,1.0
292,1.5,1 days 00:00:00,"San Antonio, Texas",The Academy,0.0,-0.27499999999999947,0.22500000000000053,-0.05000000000000071,-0.04999999999999982,0.04999999999999982,0.0,0.0,0.25,-0.20000000000000018,0.5499999999999998,0.3000000000000007,0.25,0.0,0.25,-1.062294849999999,-0.6738388500000028,,,,,,,1.0
293,2.0,1 days 00:00:00,"San Antonio, Texas",Music City,2.0,0.024999999999999467,-0.125,-0.09999999999999964,0.20000000000000018,-0.2999999999999998,-0.20000000000000018,-0.15000000000000036,-0.34999999999999964,0.04999999999999982,0.1999999999999993,-0.049999999999998934,-0.30000000000000426,0.0,-0.30000000000000426,-1.8796392500000003,-0.6768994000000035,,,,,,,1.0
294,1.5,1 days 00:00:00,"San Antonio, Texas",Genesis,-1.0,0.0,-0.20000000000000018,-0.20000000000000107,-0.15000000000000036,-0.09999999999999964,0.15000000000000036,-0.05000000000000071,-0.25,-0.22499999999999964,0.9000000000000004,0.21250000000000036,-0.03750000000000142,0.0,-0.03750000000000142,-1.062294849999999,-0.6738388500000028,,,,,,,1.0
295,1.5,1 days 00:00:00,"San Antonio, Texas",Seattle Cascades,0.5,0.15000000000000036,-0.2999999999999998,-0.15000000000000036,0.6000000000000005,0.20000000000000018,0.40000000000000036,0.5999999999999996,0.15000000000000036,0.024999999999999467,0.6499999999999995,0.4125000000000014,0.8624999999999972,0.0,0.8624999999999972,-1.062294849999999,-0.6738388500000028,,,,,,,1.0
296,1.5,1 days 00:00:00,"San Antonio, Texas",Jersey Surf,0.5,0.17499999999999982,0.40000000000000036,0.5749999999999993,0.5499999999999998,-0.04999999999999982,0.34999999999999964,0.4250000000000007,0.15000000000000036,0.5250000000000004,0.7999999999999998,0.7375000000000007,1.7374999999999972,0.0,1.7374999999999972,-1.062294849999999,-0.6738388500000028,,,,,,,1.0
297,1.0,1 days 00:00:00,"San Antonio, Texas",Guardians,0.0,0.34999999999999964,0.40000000000000036,0.75,-0.40000000000000036,0.6000000000000014,-0.5,-0.14999999999999858,0.5999999999999996,-0.5499999999999989,0.3000000000000007,0.17499999999999716,0.7749999999999986,0.0,0.7749999999999986,-0.6611913999999999,-2.5044347000000045,,,,,,,1.0
298,,,"Landisville, Pennsylvania",Raiders,,,,,,,,,,,,,,,,,,,,,,,,
299,2.2857142857142856,1 days 00:00:00,"Landisville, Pennsylvania",Reading Buccaneers,0.0,0.04285714285714296,0.05714285714285694,0.10000000000000041,0.1142857142857144,0.04285714285714296,0.014285714285714488,0.08571428571428541,0.057142857142857446,0.04285714285714296,0.12857142857142886,0.1142857142857144,0.3000000000000012,0.0,0.3000000000000012,-0.10904474285714372,-0.3209200714285702,,,,,,,1.0
300,2.2857142857142856,1 days 00:00:00,"Landisville, Pennsylvania",Bushwackers Drum Corps,0.14285714285714285,0.02857142857142847,0.014285714285714488,0.04285714285714245,0.0999999999999999,0.02857142857142847,0.0,0.06428571428571418,0.04285714285714296,0.02857142857142847,0.08571428571428541,0.07857142857142867,0.1857142857142853,0.0,0.1857142857142853,-0.10904474285714372,-0.3209200714285702,,,,,,,1.0
301,2.2857142857142856,1 days 00:00:00,"Landisville, Pennsylvania",Hawthorne Caballeros,-0.42857142857142855,0.10000000000000041,0.02857142857142847,0.12857142857142836,0.17142857142857132,0.05714285714285694,0.12857142857142836,0.17857142857142858,0.0999999999999999,0.057142857142857446,0.1142857142857144,0.13571428571428562,0.44285714285714206,0.0,0.44285714285714206,-0.10904474285714372,-0.3209200714285702,,,,,,,1.0
302,,,"Landisville, Pennsylvania",White Sabers,,,,,,,,,,,,,,,,,,,,,,,,
303,2.2857142857142856,1 days 00:00:00,"Landisville, Pennsylvania",Fusion Core,0.14285714285714285,-0.028571428571428723,0.0,-0.02857142857142847,0.3857142857142856,-0.014285714285714235,0.02857142857142847,0.1999999999999998,0.14285714285714285,0.02857142857142847,0.15714285714285708,0.1642857142857141,0.3357142857142849,0.0,0.3357142857142849,-0.10904474285714372,-0.3209200714285702,,,,,,,1.0
304,,,"Landisville, Pennsylvania",New York Skyliners,,,,,,,,,,,,,,,,,,,,,,,,
305,4.0,1 days 00:00:00,"Brunswick, Ohio",Spartans,0.0,0.6000000000000014,0.29999999999999893,0.8999999999999986,0.40000000000000036,0.20000000000000107,0.0,0.3000000000000007,0.3999999999999986,0.3999999999999986,0.7999999999999989,0.8000000000000007,2.0,0.0,2.0,1.6098420000000004,2.2426367999999997,,,,,,,1.0
306,4.0,1 days 00:00:00,"Brunswick, Ohio",The Battalion,0.0,1.5999999999999996,0.29999999999999893,1.8999999999999986,0.29999999999999893,-0.10000000000000142,0.09999999999999964,0.14999999999999858,0.5,0.5,0.40000000000000036,0.7000000000000028,2.75,0.0,2.75,1.6098420000000004,2.2426367999999997,,,,,,,1.0
307,4.0,1 days 00:00:00,"Brunswick, Ohio",River City Rhythm,0.0,0.29999999999999893,0.6000000000000014,0.8999999999999986,-0.20000000000000107,0.1999999999999993,-0.1999999999999993,-0.09999999999999787,-0.09999999999999964,-0.09999999999999964,0.3000000000000007,0.05000000000000071,0.8500000000000085,0.0,0.8500000000000085,1.6098420000000004,2.2426367999999997,,,,,,,1.0
308,4.0,1 days 00:00:00,"Brunswick, Ohio",Cincinnati Tradition,1.0,0.40000000000000213,-0.3000000000000007,0.10000000000000142,0.09999999999999787,0.10000000000000142,0.10000000000000142,0.14999999999999858,0.1999999999999993,0.1999999999999993,-0.10000000000000142,0.14999999999999858,0.4000000000000057,0.0,0.4000000000000057,1.6098420000000004,2.2426367999999997,,,,,,,1.0
309,2.142857142857143,1 days 00:00:00,"Brunswick, Ohio",Rogues Hollow Regiment,0.0,0.0285714285714286,-0.0071428571428571175,0.02142857142857148,0.08571428571428566,0.05000000000000008,0.12142857142857151,0.12857142857142861,0.14285714285714285,0.12857142857142861,0.10000000000000002,0.18571428571428555,0.3357142857142859,0.0,0.3357142857142859,-0.11342573571428563,0.4929805785714286,,,,,,,1.0
310,1.5,1 days 00:00:00,"Mesquite, Texas",Carolina Crown,-3.5,0.1750000000000007,-0.0625,0.11250000000000071,0.09999999999999964,0.20000000000000107,0.049999999999998934,0.17499999999999893,-0.25,0.15000000000000036,0.15000000000000036,0.025000000000000355,0.3125,0.0,0.3125,1.6710050500000015,0.9478342499999997,,,,,,,1.0
311,1.5,1 days 00:00:00,"Mesquite, Texas",Mandarins,-3.0,0.15000000000000036,0.16249999999999964,0.3125,0.15000000000000036,0.15000000000000036,0.1999999999999993,0.25,-0.5,0.20000000000000107,0.09999999999999964,-0.09999999999999964,0.4625000000000057,0.0,0.4625000000000057,1.6710050500000015,0.9478342499999997,,,,,,,1.0
312,1.5,1 days 00:00:00,"Mesquite, Texas",The Cavaliers,-3.0,0.27500000000000036,-0.025000000000000355,0.25,0.1999999999999993,0.15000000000000036,0.15000000000000036,0.25,-0.4500000000000002,-0.025000000000000355,0.09999999999999964,-0.1875,0.3125,0.0,0.3125,1.6710050500000015,0.9478342499999997,,,,,,,1.0
313,1.5,1 days 00:00:00,"Mesquite, Texas",Colts,-3.0,0.25,-0.09999999999999964,0.14999999999999858,0.09999999999999964,0.1999999999999993,0.09999999999999964,0.1999999999999993,-0.3999999999999986,0.09999999999999964,0.14999999999999858,-0.07500000000000107,0.2750000000000057,0.0,0.2750000000000057,1.6710050500000015,0.9478342499999997,,,,,,,1.0
314,1.5,1 days 00:00:00,"Mesquite, Texas",Madison Scouts,-1.0,0.5749999999999993,0.0625,0.6375000000000011,0.09999999999999964,0.05000000000000071,-0.09999999999999964,0.02499999999999858,-0.5000000000000009,-0.07499999999999929,0.0,-0.28749999999999964,0.375,0.0,0.375,1.6710050500000015,0.9478342499999997,,,,,,,1.0
315,1.5,1 days 00:00:00,"Mesquite, Texas",Crossmen,-3.0,0.3250000000000002,-0.1374999999999993,0.1875,0.15000000000000036,0.25,0.15000000000000036,0.27500000000000036,-0.04999999999999982,0.15000000000000036,-0.15000000000000036,-0.025000000000000355,0.4375,0.0,0.4375,1.6710050500000015,0.9478342499999997,,,,,,,1.0
316,1.5,1 days 00:00:00,"Mesquite, Texas",Pacific Crest,-0.5,0.27500000000000036,-0.0625,0.21249999999999858,0.10000000000000053,0.09999999999999964,0.0,0.09999999999999964,0.09999999999999964,-0.04999999999999982,0.34999999999999964,0.1999999999999993,2.512500000000003,0.0,0.5125000000000028,1.6710050500000015,0.9478342499999997,,,,,,,1.0
317,1.5,1 days 00:00:00,"Mesquite, Texas",Music City,-1.5,0.5250000000000004,0.025000000000000355,0.5499999999999989,-0.10000000000000053,0.25,0.15000000000000036,0.15000000000000036,0.14999999999999947,-0.14999999999999947,0.05000000000000071,0.02499999999999858,0.7250000000000014,0.0,0.7250000000000014,1.6710050500000015,0.9478342499999997,,,,,,,1.0
318,1.5,1 days 00:00:00,"Mesquite, Texas",The Academy,-1.0,0.375,-0.07500000000000018,0.3000000000000007,0.09999999999999964,0.05000000000000071,-0.14999999999999947,0.0,0.04999999999999982,0.04999999999999982,0.10000000000000053,0.09999999999999964,0.3999999999999986,0.0,0.3999999999999986,1.6710050500000015,0.9478342499999997,,,,,,,1.0
319,1.5,1 days 00:00:00,"Mesquite, Texas",Jersey Surf,-0.5,0.4249999999999998,-0.15000000000000036,0.27500000000000036,-0.09999999999999964,0.25,-0.1999999999999993,-0.025000000000000355,-0.10000000000000053,-0.17499999999999982,-0.04999999999999982,-0.16249999999999964,0.08749999999999858,0.0,0.08749999999999858,1.6710050500000015,0.9478342499999997,,,,,,,1.0
320,1.5,1 days 00:00:00,"Mesquite, Texas",Guardians,0.0,0.27500000000000036,-0.04999999999999982,0.22499999999999964,0.35000000000000053,-0.05000000000000071,-0.09999999999999964,0.09999999999999964,-0.4500000000000002,-0.125,0.04999999999999982,-0.2624999999999993,0.0625,0.0,0.0625,1.6710050500000015,0.9478342499999997,,,,,,,1.0
